"E:0","E:1","E:2","epsilon","epsilonD","epsilonI","volt","vtkValidPointMask","arc_length","Points:0","Points:1","Points:2"
-4.2436e-11,3.2476e+05,-1.6145e-19,1,nan,nan,12000,1,0,0,0.0034,0
-4.2385e-11,3.2438e+05,3.2548e-06,1,nan,nan,11998,1,6.6001e-06,0,0.0034066,0
-4.2334e-11,3.2399e+05,6.5095e-06,1,nan,nan,11996,1,1.32e-05,0,0.0034132,0
-4.2283e-11,3.236e+05,9.7643e-06,1,nan,nan,11993,1,1.98e-05,0,0.0034198,0
-3.9416e-11,3.2321e+05,1.3019e-05,1,nan,nan,11991,1,2.64e-05,0,0.0034264,0
-3.9369e-11,3.2282e+05,1.6274e-05,1,nan,nan,11989,1,3.3e-05,0,0.003433,0
-3.9321e-11,3.2244e+05,1.9529e-05,1,nan,nan,11987,1,3.96e-05,0,0.0034396,0
-3.9274e-11,3.2205e+05,2.2783e-05,1,nan,nan,11984,1,4.62e-05,0,0.0034462,0
-3.9213e-11,3.2156e+05,2.4796e-05,1,nan,nan,11982,1,5.28e-05,0,0.0034528,0
-3.9132e-11,3.2089e+05,2.4796e-05,1,nan,nan,11980,1,5.94e-05,0,0.0034594,0
-3.905e-11,3.2022e+05,2.4796e-05,1,nan,nan,11978,1,6.6e-05,0,0.003466,0
-3.8969e-11,3.1955e+05,2.4796e-05,1,nan,nan,11976,1,7.26e-05,0,0.0034726,0
-3.8887e-11,3.1888e+05,2.4796e-05,1,nan,nan,11974,1,7.92e-05,0,0.0034792,0
-3.8806e-11,3.1822e+05,2.4796e-05,1,nan,nan,11972,1,8.58e-05,0,0.0034858,0
-3.8724e-11,3.1755e+05,2.4796e-05,1,nan,nan,11969,1,9.24e-05,0,0.0034924,0
-3.8643e-11,3.1688e+05,2.4796e-05,1,nan,nan,11967,1,9.9e-05,0,0.003499,0
-3.8562e-11,3.1621e+05,2.4796e-05,1,nan,nan,11965,1,0.0001056,0,0.0035056,0
-3.8483e-11,3.1557e+05,2.3702e-05,1,nan,nan,11963,1,0.0001122,0,0.0035122,0
-3.8407e-11,3.1495e+05,2.1327e-05,1,nan,nan,11961,1,0.0001188,0,0.0035188,0
-3.8331e-11,3.1432e+05,1.8953e-05,1,nan,nan,11959,1,0.0001254,0,0.0035254,0
-3.8256e-11,3.137e+05,1.6578e-05,1,nan,nan,11957,1,0.000132,0,0.003532,0
-3.818e-11,3.1308e+05,1.4204e-05,1,nan,nan,11955,1,0.0001386,0,0.0035386,0
-3.8105e-11,3.1246e+05,1.1829e-05,1,nan,nan,11953,1,0.0001452,0,0.0035452,0
-3.8029e-11,3.1184e+05,9.4548e-06,1,nan,nan,11951,1,0.0001518,0,0.0035518,0
-3.7953e-11,3.1122e+05,7.0803e-06,1,nan,nan,11949,1,0.0001584,0,0.0035584,0
-3.7878e-11,3.106e+05,4.7059e-06,1,nan,nan,11947,1,0.000165,0,0.003565,0
-3.7802e-11,3.0998e+05,2.3314e-06,1,nan,nan,11944,1,0.0001716,0,0.0035716,0
-3.7726e-11,3.0936e+05,3.8135e-28,1,nan,nan,11942,1,0.0001782,0,0.0035782,0
-3.4962e-11,3.0874e+05,3.2883e-28,1,nan,nan,11940,1,0.0001848,0,0.0035848,0
-3.4892e-11,3.0813e+05,2.7231e-28,1,nan,nan,11938,1,0.0001914,0,0.0035914,0
-3.4823e-11,3.0751e+05,2.1185e-28,1,nan,nan,11936,1,0.000198,0,0.003598,0
-3.4753e-11,3.069e+05,1.4747e-28,1,nan,nan,11934,1,0.0002046,0,0.0036046,0
-3.4683e-11,3.0628e+05,7.92e-29,1,nan,nan,11932,1,0.0002112,0,0.0036112,0
-3.4614e-11,3.0567e+05,7.083e-30,1,nan,nan,11930,1,0.0002178,0,0.0036178,0
-3.4544e-11,3.0505e+05,-6.8846e-29,1,nan,nan,11928,1,0.0002244,0,0.0036244,0
-3.4474e-11,3.0444e+05,-1.4856e-28,1,nan,nan,11926,1,0.000231,0,0.003631,0
-3.4405e-11,3.0382e+05,-2.3202e-28,1,nan,nan,11924,1,0.0002376,0,0.0036376,0
-3.4335e-11,3.0321e+05,-3.192e-28,1,nan,nan,11922,1,0.0002442,0,0.0036442,0
-3.4265e-11,3.0259e+05,-4.1005e-28,1,nan,nan,11920,1,0.0002508,0,0.0036508,0
-3.4196e-11,3.0198e+05,-5.0455e-28,1,nan,nan,11918,1,0.0002574,0,0.0036574,0
-3.4127e-11,3.0137e+05,-4.0676e-14,1,nan,nan,11916,1,0.000264,0,0.003664,0
-3.4058e-11,3.0076e+05,-9.4183e-14,1,nan,nan,11914,1,0.0002706,0,0.0036706,0
-3.3989e-11,3.0016e+05,-1.5001e-13,1,nan,nan,11912,1,0.0002772,0,0.0036772,0
-3.392e-11,2.9955e+05,-2.0816e-13,1,nan,nan,11910,1,0.0002838,0,0.0036838,0
-3.3852e-11,2.9894e+05,-2.6863e-13,1,nan,nan,11908,1,0.0002904,0,0.0036904,0
-3.3783e-11,2.9833e+05,-3.3142e-13,1,nan,nan,11906,1,0.000297,0,0.003697,0
-3.3714e-11,2.9773e+05,-3.9653e-13,1,nan,nan,11904,1,0.0003036,0,0.0037036,0
-3.3645e-11,2.9712e+05,-4.6397e-13,1,nan,nan,11902,1,0.0003102,0,0.0037102,0
-3.3577e-11,2.9651e+05,-5.3372e-13,1,nan,nan,11900,1,0.0003168,0,0.0037168,0
-3.3508e-11,2.959e+05,-6.0579e-13,1,nan,nan,11898,1,0.0003234,0,0.0037234,0
-3.3439e-11,2.953e+05,-6.8019e-13,1,nan,nan,11896,1,0.00033,0,0.00373,0
-3.337e-11,2.9469e+05,-7.5691e-13,1,nan,nan,11894,1,0.0003366,0,0.0037366,0
-3.3302e-11,2.9408e+05,-8.3595e-13,1,nan,nan,11892,1,0.0003432,0,0.0037432,0
-3.3233e-11,2.9347e+05,-9.173e-13,1,nan,nan,11890,1,0.0003498,0,0.0037498,0
-3.3164e-11,2.9287e+05,-9.4073e-13,1,nan,nan,11888,1,0.0003564,0,0.0037564,0
-3.3097e-11,2.9227e+05,-8.9699e-13,1,nan,nan,11887,1,0.000363,0,0.003763,0
-3.0488e-11,2.9167e+05,-8.5143e-13,1,nan,nan,11885,1,0.0003696,0,0.0037696,0
-3.0425e-11,2.9107e+05,-8.0402e-13,1,nan,nan,11883,1,0.0003762,0,0.0037762,0
-3.0363e-11,2.9047e+05,-7.5478e-13,1,nan,nan,11881,1,0.0003828,0,0.0037828,0
-3.03e-11,2.8987e+05,-7.037e-13,1,nan,nan,11879,1,0.0003894,0,0.0037894,0
-3.0237e-11,2.8927e+05,-6.5078e-13,1,nan,nan,11877,1,0.000396,0,0.003796,0
-3.0175e-11,2.8867e+05,-5.9602e-13,1,nan,nan,11875,1,0.0004026,0,0.0038026,0
-3.0112e-11,2.8807e+05,-5.3943e-13,1,nan,nan,11873,1,0.0004092,0,0.0038092,0
-3.0049e-11,2.8747e+05,-4.81e-13,1,nan,nan,11871,1,0.0004158,0,0.0038158,0
-2.9987e-11,2.8687e+05,-4.2073e-13,1,nan,nan,11869,1,0.0004224,0,0.0038224,0
-2.9924e-11,2.8627e+05,-3.5862e-13,1,nan,nan,11867,1,0.000429,0,0.003829,0
-2.9861e-11,2.8567e+05,-2.9468e-13,1,nan,nan,11865,1,0.0004356,0,0.0038356,0
-2.9799e-11,2.8507e+05,-2.289e-13,1,nan,nan,11864,1,0.0004422,0,0.0038422,0
-2.9736e-11,2.8448e+05,-1.6128e-13,1,nan,nan,11862,1,0.0004488,0,0.0038488,0
-2.9673e-11,2.8388e+05,-9.1826e-14,1,nan,nan,11860,1,0.0004554,0,0.0038554,0
-2.9611e-11,2.8328e+05,-2.0532e-14,1,nan,nan,11858,1,0.000462,0,0.003862,0
-2.9549e-11,2.8268e+05,7.8578e-28,1,nan,nan,11856,1,0.0004686,0,0.0038686,0
-2.9487e-11,2.8209e+05,7.505e-28,1,nan,nan,11854,1,0.0004752,0,0.0038752,0
-2.9425e-11,2.815e+05,7.1449e-28,1,nan,nan,11852,1,0.0004818,0,0.0038818,0
-2.9364e-11,2.8091e+05,6.7774e-28,1,nan,nan,11850,1,0.0004884,0,0.0038884,0
-2.9302e-11,2.8032e+05,6.4026e-28,1,nan,nan,11849,1,0.000495,0,0.003895,0
-2.924e-11,2.7973e+05,6.0207e-28,1,nan,nan,11847,1,0.0005016,0,0.0039016,0
-2.9178e-11,2.7914e+05,5.6316e-28,1,nan,nan,11845,1,0.0005082,0,0.0039082,0
-2.9117e-11,2.7855e+05,5.2355e-28,1,nan,nan,11843,1,0.0005148,0,0.0039148,0
-2.9055e-11,2.7796e+05,4.8324e-28,1,nan,nan,11841,1,0.0005214,0,0.0039214,0
-2.8993e-11,2.7737e+05,4.4223e-28,1,nan,nan,11839,1,0.000528,0,0.003928,0
-2.8932e-11,2.7678e+05,4.0054e-28,1,nan,nan,11838,1,0.0005346,0,0.0039346,0
-2.887e-11,2.7619e+05,3.5816e-28,1,nan,nan,11836,1,0.0005412,0,0.0039412,0
-2.8808e-11,2.756e+05,3.1511e-28,1,nan,nan,11834,1,0.0005478,0,0.0039478,0
-2.8747e-11,2.7501e+05,2.714e-28,1,nan,nan,11832,1,0.0005544,0,0.0039544,0
-2.8685e-11,2.7442e+05,2.2702e-28,1,nan,nan,11830,1,0.000561,0,0.003961,0
-2.6238e-11,2.7383e+05,1.8199e-28,1,nan,nan,11828,1,0.0005676,0,0.0039676,0
-2.6181e-11,2.7324e+05,1.3631e-28,1,nan,nan,11827,1,0.0005742,0,0.0039742,0
-2.6125e-11,2.7265e+05,8.9983e-29,1,nan,nan,11825,1,0.0005808,0,0.0039808,0
-2.6068e-11,2.7206e+05,4.3023e-29,1,nan,nan,11823,1,0.0005874,0,0.0039874,0
-2.6012e-11,2.7147e+05,0,1,nan,nan,11821,1,0.000594,0,0.003994,0
-2.5956e-11,2.7089e+05,0,1,nan,nan,11819,1,0.0006006,0,0.0040006,0
-2.5901e-11,2.7032e+05,0,1,nan,nan,11817,1,0.0006072,0,0.0040072,0
-2.5846e-11,2.6974e+05,0,1,nan,nan,11816,1,0.0006138,0,0.0040138,0
-2.579e-11,2.6916e+05,0,1,nan,nan,11814,1,0.0006204,0,0.0040204,0
-2.5735e-11,2.6858e+05,0,1,nan,nan,11812,1,0.000627,0,0.004027,0
-2.5679e-11,2.68e+05,0,1,nan,nan,11810,1,0.0006336,0,0.0040336,0
-2.5624e-11,2.6742e+05,0,1,nan,nan,11809,1,0.0006402,0,0.0040402,0
-2.5568e-11,2.6684e+05,0,1,nan,nan,11807,1,0.0006468,0,0.0040468,0
-2.5513e-11,2.6627e+05,0,1,nan,nan,11805,1,0.0006534,0,0.0040534,0
-2.5458e-11,2.6569e+05,0,1,nan,nan,11803,1,0.00066,0,0.00406,0
-2.5402e-11,2.6511e+05,0,1,nan,nan,11802,1,0.0006666,0,0.0040666,0
-2.5347e-11,2.6453e+05,0,1,nan,nan,11800,1,0.0006732,0,0.0040732,0
-2.5291e-11,2.6395e+05,0,1,nan,nan,11798,1,0.0006798,0,0.0040798,0
-2.5236e-11,2.6337e+05,0,1,nan,nan,11796,1,0.0006864,0,0.0040864,0
-2.518e-11,2.628e+05,0,1,nan,nan,11795,1,0.000693,0,0.004093,0
-2.5125e-11,2.6222e+05,0,1,nan,nan,11793,1,0.0006996,0,0.0040996,0
-2.5069e-11,2.6164e+05,0,1,nan,nan,11791,1,0.0007062,0,0.0041062,0
-2.5014e-11,2.6106e+05,0,1,nan,nan,11789,1,0.0007128,0,0.0041128,0
-2.4959e-11,2.6048e+05,0,1,nan,nan,11788,1,0.0007194,0,0.0041194,0
-2.4903e-11,2.599e+05,0,1,nan,nan,11786,1,0.000726,0,0.004126,0
-2.4848e-11,2.5932e+05,0,1,nan,nan,11784,1,0.0007326,0,0.0041326,0
-2.4792e-11,2.5875e+05,0,1,nan,nan,11782,1,0.0007392,0,0.0041392,0
-2.4737e-11,2.5817e+05,-6.8043e-22,1,nan,nan,11781,1,0.0007458,0,0.0041458,0
-2.4683e-11,2.5761e+05,-6.2228e-21,1,nan,nan,11779,1,0.0007524,0,0.0041524,0
-2.4629e-11,2.5704e+05,-1.1765e-20,1,nan,nan,11777,1,0.000759,0,0.004159,0
-2.4575e-11,2.5648e+05,-1.7308e-20,1,nan,nan,11776,1,0.0007656,0,0.0041656,0
-2.4521e-11,2.5591e+05,-2.285e-20,1,nan,nan,11774,1,0.0007722,0,0.0041722,0
-2.4467e-11,2.5535e+05,-2.8393e-20,1,nan,nan,11772,1,0.0007788,0,0.0041788,0
-2.2194e-11,2.5479e+05,-3.085e-20,1,nan,nan,11771,1,0.0007854,0,0.0041854,0
-2.2145e-11,2.5422e+05,-3.5889e-20,1,nan,nan,11769,1,0.000792,0,0.004192,0
-2.2095e-11,2.5366e+05,-4.0928e-20,1,nan,nan,11767,1,0.0007986,0,0.0041986,0
-2.2046e-11,2.531e+05,-4.5966e-20,1,nan,nan,11766,1,0.0008052,0,0.0042052,0
-2.1997e-11,2.5253e+05,-5.1005e-20,1,nan,nan,11764,1,0.0008118,0,0.0042118,0
-2.1948e-11,2.5197e+05,-5.6044e-20,1,nan,nan,11762,1,0.0008184,0,0.0042184,0
-2.1899e-11,2.5141e+05,-6.1082e-20,1,nan,nan,11761,1,0.000825,0,0.004225,0
-2.185e-11,2.5084e+05,-6.6121e-20,1,nan,nan,11759,1,0.0008316,0,0.0042316,0
-2.1801e-11,2.5028e+05,-7.116e-20,1,nan,nan,11757,1,0.0008382,0,0.0042382,0
-2.1752e-11,2.4971e+05,-7.6199e-20,1,nan,nan,11756,1,0.0008448,0,0.0042448,0
-2.1703e-11,2.4915e+05,-8.1237e-20,1,nan,nan,11754,1,0.0008514,0,0.0042514,0
-2.1654e-11,2.4859e+05,-8.6276e-20,1,nan,nan,11752,1,0.000858,0,0.004258,0
-2.1604e-11,2.4802e+05,-9.1315e-20,1,nan,nan,11751,1,0.0008646,0,0.0042646,0
-2.1555e-11,2.4746e+05,-9.6353e-20,1,nan,nan,11749,1,0.0008712,0,0.0042712,0
-2.1506e-11,2.469e+05,-1.0139e-19,1,nan,nan,11747,1,0.0008778,0,0.0042778,0
-2.1457e-11,2.4633e+05,-1.0643e-19,1,nan,nan,11746,1,0.0008844,0,0.0042844,0
-2.1408e-11,2.4577e+05,-1.1147e-19,1,nan,nan,11744,1,0.000891,0,0.004291,0
-2.1359e-11,2.452e+05,-1.1651e-19,1,nan,nan,11742,1,0.0008976,0,0.0042976,0
-2.131e-11,2.4464e+05,-1.2155e-19,1,nan,nan,11741,1,0.0009042,0,0.0043042,0
-2.1261e-11,2.4408e+05,-1.2659e-19,1,nan,nan,11739,1,0.0009108,0,0.0043108,0
-2.1212e-11,2.4351e+05,-1.3162e-19,1,nan,nan,11737,1,0.0009174,0,0.0043174,0
-2.1163e-11,2.4295e+05,-1.3553e-19,1,nan,nan,11736,1,0.000924,0,0.004324,0
-2.1116e-11,2.4241e+05,-1.3553e-19,1,nan,nan,11734,1,0.0009306,0,0.0043306,0
-2.1068e-11,2.4187e+05,-1.3553e-19,1,nan,nan,11733,1,0.0009372,0,0.0043372,0
-2.1021e-11,2.4132e+05,-1.3553e-19,1,nan,nan,11731,1,0.0009438,0,0.0043438,0
-2.0973e-11,2.4078e+05,-1.3553e-19,1,nan,nan,11729,1,0.0009504,0,0.0043504,0
-2.0926e-11,2.4023e+05,-1.3553e-19,1,nan,nan,11728,1,0.000957,0,0.004357,0
-2.0879e-11,2.3969e+05,-1.3553e-19,1,nan,nan,11726,1,0.0009636,0,0.0043636,0
-2.0831e-11,2.3915e+05,-1.3553e-19,1,nan,nan,11725,1,0.0009702,0,0.0043702,0
-2.0784e-11,2.386e+05,-1.3553e-19,1,nan,nan,11723,1,0.0009768,0,0.0043768,0
-2.0736e-11,2.3806e+05,-1.3553e-19,1,nan,nan,11722,1,0.0009834,0,0.0043834,0
-2.0689e-11,2.3751e+05,-1.3553e-19,1,nan,nan,11720,1,0.00099,0,0.00439,0
-2.0642e-11,2.3697e+05,-1.3553e-19,1,nan,nan,11719,1,0.0009966,0,0.0043966,0
-2.0594e-11,2.3642e+05,-1.3553e-19,1,nan,nan,11717,1,0.0010032,0,0.0044032,0
-2.0547e-11,2.3588e+05,-1.3553e-19,1,nan,nan,11715,1,0.0010098,0,0.0044098,0
-2.0499e-11,2.3534e+05,-1.3553e-19,1,nan,nan,11714,1,0.0010164,0,0.0044164,0
-2.0452e-11,2.3479e+05,-1.3553e-19,1,nan,nan,11712,1,0.001023,0,0.004423,0
-1.8364e-11,2.3425e+05,-1.2197e-19,1,nan,nan,11711,1,0.0010296,0,0.0044296,0
-1.8322e-11,2.337e+05,-1.2197e-19,1,nan,nan,11709,1,0.0010362,0,0.0044362,0
-1.8279e-11,2.3316e+05,-1.2197e-19,1,nan,nan,11708,1,0.0010428,0,0.0044428,0
-1.8236e-11,2.3262e+05,-1.2197e-19,1,nan,nan,11706,1,0.0010494,0,0.0044494,0
-1.8194e-11,2.3207e+05,-1.2197e-19,1,nan,nan,11705,1,0.001056,0,0.004456,0
-1.8151e-11,2.3153e+05,-1.2197e-19,1,nan,nan,11703,1,0.0010626,0,0.0044626,0
-1.8108e-11,2.3098e+05,-1.2197e-19,1,nan,nan,11701,1,0.0010692,0,0.0044692,0
-1.8066e-11,2.3044e+05,-1.2197e-19,1,nan,nan,11700,1,0.0010758,0,0.0044758,0
-1.8023e-11,2.2989e+05,-1.2197e-19,1,nan,nan,11698,1,0.0010824,0,0.0044824,0
-1.798e-11,2.2935e+05,-1.2197e-19,1,nan,nan,11697,1,0.001089,0,0.004489,0
-1.7938e-11,2.2881e+05,-1.2197e-19,1,nan,nan,11695,1,0.0010956,0,0.0044956,0
-1.7895e-11,2.2826e+05,-1.2197e-19,1,nan,nan,11694,1,0.0011022,0,0.0045022,0
-1.7852e-11,2.2772e+05,-1.2197e-19,1,nan,nan,11692,1,0.0011088,0,0.0045088,0
-1.781e-11,2.2717e+05,-1.2197e-19,1,nan,nan,11691,1,0.0011154,0,0.0045154,0
-1.7767e-11,2.2663e+05,-1.2197e-19,1,nan,nan,11689,1,0.001122,0,0.004522,0
-1.7724e-11,2.2608e+05,-1.2197e-19,1,nan,nan,11687,1,0.0011286,0,0.0045286,0
-1.7683e-11,2.2556e+05,-2.4992e-05,1,nan,nan,11686,1,0.0011352,0,0.0045352,0
-1.7642e-11,2.2504e+05,-5.893e-05,1,nan,nan,11685,1,0.0011418,0,0.0045418,0
-1.7602e-11,2.2452e+05,-9.2871e-05,1,nan,nan,11683,1,0.0011484,0,0.0045484,0
-1.7561e-11,2.24e+05,-0.00012681,1,nan,nan,11682,1,0.001155,0,0.004555,0
-1.752e-11,2.2349e+05,-0.00016075,1,nan,nan,11680,1,0.0011616,0,0.0045616,0
-1.748e-11,2.2297e+05,-0.00019469,1,nan,nan,11679,1,0.0011682,0,0.0045682,0
-1.7439e-11,2.2245e+05,-0.00022863,1,nan,nan,11677,1,0.0011748,0,0.0045748,0
-1.7399e-11,2.2193e+05,-0.00026256,1,nan,nan,11676,1,0.0011814,0,0.0045814,0
-1.7358e-11,2.2141e+05,-0.0002965,1,nan,nan,11674,1,0.001188,0,0.004588,0
-1.7317e-11,2.2089e+05,-0.00033044,1,nan,nan,11673,1,0.0011946,0,0.0045946,0
-1.7277e-11,2.2037e+05,-0.00036438,1,nan,nan,11672,1,0.0012012,0,0.0046012,0
-1.7236e-11,2.1986e+05,-0.00039832,1,nan,nan,11670,1,0.0012078,0,0.0046078,0
-1.7195e-11,2.1934e+05,-0.00043226,1,nan,nan,11669,1,0.0012144,0,0.0046144,0
-1.7155e-11,2.1882e+05,-0.0004662,1,nan,nan,11667,1,0.001221,0,0.004621,0
-1.7114e-11,2.183e+05,-0.00050014,1,nan,nan,11666,1,0.0012276,0,0.0046276,0
-1.7073e-11,2.1778e+05,-0.00053408,1,nan,nan,11664,1,0.0012342,0,0.0046342,0
-1.7033e-11,2.1726e+05,-0.00056802,1,nan,nan,11663,1,0.0012408,0,0.0046408,0
-1.6992e-11,2.1674e+05,-0.00060195,1,nan,nan,11662,1,0.0012474,0,0.0046474,0
-1.6951e-11,2.1622e+05,-0.0006359,1,nan,nan,11660,1,0.001254,0,0.004654,0
-1.6911e-11,2.1571e+05,-0.00066983,1,nan,nan,11659,1,0.0012606,0,0.0046606,0
-1.687e-11,2.1519e+05,-0.00070377,1,nan,nan,11657,1,0.0012672,0,0.0046672,0
-1.6829e-11,2.1467e+05,-0.00073771,1,nan,nan,11656,1,0.0012738,0,0.0046738,0
-1.6789e-11,2.1415e+05,-0.00077165,1,nan,nan,11654,1,0.0012804,0,0.0046804,0
-1.6748e-11,2.1363e+05,-0.00080559,1,nan,nan,11653,1,0.001287,0,0.004687,0
-1.6707e-11,2.1311e+05,-0.00083953,1,nan,nan,11652,1,0.0012936,0,0.0046936,0
-1.6667e-11,2.1259e+05,-0.00087347,1,nan,nan,11650,1,0.0013002,0,0.0047002,0
-1.4779e-11,2.1208e+05,-0.00090741,1,nan,nan,11649,1,0.0013068,0,0.0047068,0
-1.4743e-11,2.1156e+05,-0.00094135,1,nan,nan,11647,1,0.0013134,0,0.0047134,0
-1.4706e-11,2.1104e+05,-0.00097529,1,nan,nan,11646,1,0.00132,0,0.00472,0
-1.467e-11,2.1052e+05,-0.0010092,1,nan,nan,11644,1,0.0013266,0,0.0047266,0
-1.4634e-11,2.1e+05,-0.0010432,1,nan,nan,11643,1,0.0013332,0,0.0047332,0
-1.4598e-11,2.0948e+05,-0.0010771,1,nan,nan,11642,1,0.0013398,0,0.0047398,0
-1.4562e-11,2.0896e+05,-0.001111,1,nan,nan,11640,1,0.0013464,0,0.0047464,0
-1.4526e-11,2.0845e+05,-0.001145,1,nan,nan,11639,1,0.001353,0,0.004753,0
-1.449e-11,2.0793e+05,-0.0011789,1,nan,nan,11637,1,0.0013596,0,0.0047596,0
-1.4453e-11,2.0741e+05,-0.0012129,1,nan,nan,11636,1,0.0013662,0,0.0047662,0
-1.4417e-11,2.0689e+05,-0.0012468,1,nan,nan,11634,1,0.0013728,0,0.0047728,0
2.5824e-05,2.064e+05,-0.0012008,1,nan,nan,11633,1,0.0013794,0,0.0047794,0
5.5521e-05,2.0591e+05,-0.0011428,1,nan,nan,11632,1,0.001386,0,0.004786,0
8.5215e-05,2.0543e+05,-0.0010848,1,nan,nan,11630,1,0.0013926,0,0.0047926,0
0.00011491,2.0494e+05,-0.0010269,1,nan,nan,11629,1,0.0013992,0,0.0047992,0
0.0001446,2.0446e+05,-0.0009689,1,nan,nan,11628,1,0.0014058,0,0.0048058,0
0.0001743,2.0397e+05,-0.00091092,1,nan,nan,11627,1,0.0014124,0,0.0048124,0
0.00020399,2.0349e+05,-0.00085294,1,nan,nan,11625,1,0.001419,0,0.004819,0
0.00023369,2.03e+05,-0.00079497,1,nan,nan,11624,1,0.0014256,0,0.0048256,0
0.00026338,2.0251e+05,-0.000737,1,nan,nan,11623,1,0.0014322,0,0.0048322,0
0.00029308,2.0203e+05,-0.00067902,1,nan,nan,11621,1,0.0014388,0,0.0048388,0
0.00032277,2.0154e+05,-0.00062104,1,nan,nan,11620,1,0.0014454,0,0.0048454,0
0.00035247,2.0106e+05,-0.00056307,1,nan,nan,11619,1,0.001452,0,0.004852,0
0.00038216,2.0057e+05,-0.00050509,1,nan,nan,11617,1,0.0014586,0,0.0048586,0
0.00041186,2.0008e+05,-0.00044712,1,nan,nan,11616,1,0.0014652,0,0.0048652,0
0.00044155,1.996e+05,-0.00038914,1,nan,nan,11615,1,0.0014718,0,0.0048718,0
0.00047125,1.9911e+05,-0.00033117,1,nan,nan,11614,1,0.0014784,0,0.0048784,0
0.00050094,1.9863e+05,-0.00027319,1,nan,nan,11612,1,0.001485,0,0.004885,0
0.00053064,1.9814e+05,-0.00021521,1,nan,nan,11611,1,0.0014916,0,0.0048916,0
0.00056033,1.9766e+05,-0.00015724,1,nan,nan,11610,1,0.0014982,0,0.0048982,0
0.00059003,1.9717e+05,-9.9261e-05,1,nan,nan,11608,1,0.0015048,0,0.0049048,0
0.00061972,1.9668e+05,-4.1287e-05,1,nan,nan,11607,1,0.0015114,0,0.0049114,0
0.00064942,1.962e+05,1.6687e-05,1,nan,nan,11606,1,0.001518,0,0.004918,0
0.00067911,1.9571e+05,7.4665e-05,1,nan,nan,11604,1,0.0015246,0,0.0049246,0
0.00070881,1.9523e+05,0.00013264,1,nan,nan,11603,1,0.0015312,0,0.0049312,0
0.0007385,1.9474e+05,0.00019062,1,nan,nan,11602,1,0.0015378,0,0.0049378,0
0.0007682,1.9426e+05,0.00024859,1,nan,nan,11600,1,0.0015444,0,0.0049444,0
0.00079789,1.9377e+05,0.00030657,1,nan,nan,11599,1,0.001551,0,0.004951,0
0.00082759,1.9328e+05,0.00036454,1,nan,nan,11598,1,0.0015576,0,0.0049576,0
0.00085728,1.928e+05,0.00042252,1,nan,nan,11597,1,0.0015642,0,0.0049642,0
0.00088698,1.9231e+05,0.0004805,1,nan,nan,11595,1,0.0015708,0,0.0049708,0
0.00091667,1.9183e+05,0.00053847,1,nan,nan,11594,1,0.0015774,0,0.0049774,0
0.00094637,1.9134e+05,0.00059644,1,nan,nan,11593,1,0.001584,0,0.004984,0
0.00097606,1.9085e+05,0.00065442,1,nan,nan,11591,1,0.0015906,0,0.0049906,0
0.0010058,1.9037e+05,0.0007124,1,nan,nan,11590,1,0.0015972,0,0.0049972,0
0.0010355,1.8988e+05,0.00077037,1,nan,nan,11589,1,0.0016038,0,0.0050038,0
0.0010651,1.894e+05,0.00082835,1,nan,nan,11587,1,0.0016104,0,0.0050104,0
0.0010948,1.8891e+05,0.00088632,1,nan,nan,11586,1,0.001617,0,0.005017,0
0.0011245,1.8843e+05,0.0009443,1,nan,nan,11585,1,0.0016236,0,0.0050236,0
0.0011542,1.8794e+05,0.0010023,1,nan,nan,11584,1,0.0016302,0,0.0050302,0
0.0011839,1.8745e+05,0.0010603,1,nan,nan,11582,1,0.0016368,0,0.0050368,0
0.0012136,1.8697e+05,0.0011182,1,nan,nan,11581,1,0.0016434,0,0.0050434,0
0.0012433,1.8648e+05,0.0011762,1,nan,nan,11580,1,0.00165,0,0.00505,0
0.001273,1.86e+05,0.0012342,1,nan,nan,11578,1,0.0016566,0,0.0050566,0
0.0012638,1.8554e+05,0.001164,1,nan,nan,11577,1,0.0016632,0,0.0050632,0
0.0012385,1.8509e+05,0.0010405,1,nan,nan,11576,1,0.0016698,0,0.0050698,0
0.0012131,1.8465e+05,0.00091703,1,nan,nan,11575,1,0.0016764,0,0.0050764,0
0.0011877,1.842e+05,0.00079354,1,nan,nan,11574,1,0.001683,0,0.005083,0
0.0011624,1.8376e+05,0.00067004,1,nan,nan,11573,1,0.0016896,0,0.0050896,0
0.001137,1.8331e+05,0.00054655,1,nan,nan,11571,1,0.0016962,0,0.0050962,0
0.0011117,1.8287e+05,0.00042306,1,nan,nan,11570,1,0.0017028,0,0.0051028,0
0.0010863,1.8242e+05,0.00029955,1,nan,nan,11569,1,0.0017094,0,0.0051094,0
0.0010609,1.8198e+05,0.00017606,1,nan,nan,11568,1,0.001716,0,0.005116,0
0.0010356,1.8153e+05,5.256e-05,1,nan,nan,11567,1,0.0017226,0,0.0051226,0
0.0010102,1.8108e+05,-7.0932e-05,1,nan,nan,11566,1,0.0017292,0,0.0051292,0
0.00098483,1.8064e+05,-0.00019442,1,nan,nan,11564,1,0.0017358,0,0.0051358,0
0.00095947,1.8019e+05,-0.00031793,1,nan,nan,11563,1,0.0017424,0,0.0051424,0
0.00093411,1.7975e+05,-0.00044142,1,nan,nan,11562,1,0.001749,0,0.005149,0
0.00090874,1.793e+05,-0.00056492,1,nan,nan,11561,1,0.0017556,0,0.0051556,0
0.00088338,1.7886e+05,-0.00068841,1,nan,nan,11560,1,0.0017622,0,0.0051622,0
0.00085802,1.7841e+05,-0.0008119,1,nan,nan,11559,1,0.0017688,0,0.0051688,0
0.00083265,1.7797e+05,-0.00093541,1,nan,nan,11558,1,0.0017754,0,0.0051754,0
0.00080729,1.7752e+05,-0.0010589,1,nan,nan,11556,1,0.001782,0,0.005182,0
0.00078192,1.7707e+05,-0.0011824,1,nan,nan,11555,1,0.0017886,0,0.0051886,0
0.00075656,1.7663e+05,-0.0013059,1,nan,nan,11554,1,0.0017952,0,0.0051952,0
0.0007312,1.7618e+05,-0.0014294,1,nan,nan,11553,1,0.0018018,0,0.0052018,0
0.00070583,1.7574e+05,-0.0015529,1,nan,nan,11552,1,0.0018084,0,0.0052084,0
0.00068047,1.7529e+05,-0.0016764,1,nan,nan,11551,1,0.001815,0,0.005215,0
0.00065511,1.7485e+05,-0.0017999,1,nan,nan,11549,1,0.0018216,0,0.0052216,0
0.00062974,1.744e+05,-0.0019234,1,nan,nan,11548,1,0.0018282,0,0.0052282,0
0.00060438,1.7396e+05,-0.0020469,1,nan,nan,11547,1,0.0018348,0,0.0052348,0
0.00057902,1.7351e+05,-0.0021704,1,nan,nan,11546,1,0.0018414,0,0.0052414,0
0.00055365,1.7306e+05,-0.0022939,1,nan,nan,11545,1,0.001848,0,0.005248,0
0.00052829,1.7262e+05,-0.0024174,1,nan,nan,11544,1,0.0018546,0,0.0052546,0
0.00050293,1.7217e+05,-0.0025409,1,nan,nan,11543,1,0.0018612,0,0.0052612,0
0.00047756,1.7173e+05,-0.0026643,1,nan,nan,11541,1,0.0018678,0,0.0052678,0
0.0004522,1.7128e+05,-0.0027878,1,nan,nan,11540,1,0.0018744,0,0.0052744,0
0.00042684,1.7084e+05,-0.0029113,1,nan,nan,11539,1,0.001881,0,0.005281,0
0.00040147,1.7039e+05,-0.0030348,1,nan,nan,11538,1,0.0018876,0,0.0052876,0
0.00037611,1.6995e+05,-0.0031583,1,nan,nan,11537,1,0.0018942,0,0.0052942,0
0.00035075,1.695e+05,-0.0032818,1,nan,nan,11536,1,0.0019008,0,0.0053008,0
0.00032538,1.6905e+05,-0.0034053,1,nan,nan,11534,1,0.0019074,0,0.0053074,0
0.00030002,1.6861e+05,-0.0035288,1,nan,nan,11533,1,0.001914,0,0.005314,0
0.00027466,1.6816e+05,-0.0036523,1,nan,nan,11532,1,0.0019206,0,0.0053206,0
0.00024929,1.6772e+05,-0.0037758,1,nan,nan,11531,1,0.0019272,0,0.0053272,0
0.00022393,1.6727e+05,-0.0038993,1,nan,nan,11530,1,0.0019338,0,0.0053338,0
0.00019856,1.6683e+05,-0.0040228,1,nan,nan,11529,1,0.0019404,0,0.0053404,0
0.0001732,1.6638e+05,-0.0041463,1,nan,nan,11528,1,0.001947,0,0.005347,0
0.00014784,1.6594e+05,-0.0042698,1,nan,nan,11526,1,0.0019536,0,0.0053536,0
0.00012247,1.6549e+05,-0.0043933,1,nan,nan,11525,1,0.0019602,0,0.0053602,0
9.7111e-05,1.6504e+05,-0.0045168,1,nan,nan,11524,1,0.0019668,0,0.0053668,0
7.1749e-05,1.646e+05,-0.0046403,1,nan,nan,11523,1,0.0019734,0,0.0053734,0
4.6384e-05,1.6415e+05,-0.0047638,1,nan,nan,11522,1,0.00198,0,0.00538,0
2.1021e-05,1.6371e+05,-0.0048873,1,nan,nan,11521,1,0.0019866,0,0.0053866,0
-3.7096e-06,1.6327e+05,-0.0050012,1,nan,nan,11519,1,0.0019932,0,0.0053932,0
-2.5373e-05,1.6287e+05,-0.0050688,1,nan,nan,11518,1,0.0019998,0,0.0053998,0
-4.7036e-05,1.6247e+05,-0.0051363,1,nan,nan,11517,1,0.0020064,0,0.0054064,0
-6.8701e-05,1.6207e+05,-0.0052039,1,nan,nan,11516,1,0.002013,0,0.005413,0
-9.0364e-05,1.6167e+05,-0.0052715,1,nan,nan,11515,1,0.0020196,0,0.0054196,0
-0.00011203,1.6128e+05,-0.005339,1,nan,nan,11514,1,0.0020262,0,0.0054262,0
-0.00013369,1.6088e+05,-0.0054066,1,nan,nan,11513,1,0.0020328,0,0.0054328,0
-0.00015535,1.6048e+05,-0.0054742,1,nan,nan,11512,1,0.0020394,0,0.0054394,0
-0.00017702,1.6008e+05,-0.0055418,1,nan,nan,11511,1,0.002046,0,0.005446,0
-0.00019868,1.5968e+05,-0.0056093,1,nan,nan,11510,1,0.0020526,0,0.0054526,0
-0.00022035,1.5928e+05,-0.0056769,1,nan,nan,11509,1,0.0020592,0,0.0054592,0
-0.00024201,1.5888e+05,-0.0057445,1,nan,nan,11508,1,0.0020658,0,0.0054658,0
-0.00026367,1.5848e+05,-0.005812,1,nan,nan,11507,1,0.0020724,0,0.0054724,0
-0.00028534,1.5808e+05,-0.0058796,1,nan,nan,11506,1,0.002079,0,0.005479,0
-0.000307,1.5769e+05,-0.0059472,1,nan,nan,11505,1,0.0020856,0,0.0054856,0
-0.00032867,1.5729e+05,-0.0060147,1,nan,nan,11504,1,0.0020922,0,0.0054922,0
-0.00035033,1.5689e+05,-0.0060823,1,nan,nan,11503,1,0.0020988,0,0.0054988,0
-0.00037199,1.5649e+05,-0.0061499,1,nan,nan,11502,1,0.0021054,0,0.0055054,0
-0.00039366,1.5609e+05,-0.0062175,1,nan,nan,11501,1,0.002112,0,0.005512,0
-0.00041532,1.5569e+05,-0.006285,1,nan,nan,11500,1,0.0021186,0,0.0055186,0
-0.00043698,1.5529e+05,-0.0063526,1,nan,nan,11499,1,0.0021252,0,0.0055252,0
-0.00045865,1.5489e+05,-0.0064202,1,nan,nan,11498,1,0.0021318,0,0.0055318,0
-0.00048031,1.5449e+05,-0.0064877,1,nan,nan,11497,1,0.0021384,0,0.0055384,0
-0.00050198,1.541e+05,-0.0065553,1,nan,nan,11496,1,0.002145,0,0.005545,0
-0.00052364,1.537e+05,-0.0066229,1,nan,nan,11495,1,0.0021516,0,0.0055516,0
-0.0005453,1.533e+05,-0.0066904,1,nan,nan,11494,1,0.0021582,0,0.0055582,0
-0.00056697,1.529e+05,-0.006758,1,nan,nan,11493,1,0.0021648,0,0.0055648,0
-0.00058863,1.525e+05,-0.0068256,1,nan,nan,11492,1,0.0021714,0,0.0055714,0
-0.00061029,1.521e+05,-0.0068932,1,nan,nan,11491,1,0.002178,0,0.005578,0
-0.00063196,1.517e+05,-0.0069607,1,nan,nan,11490,1,0.0021846,0,0.0055846,0
-0.00065362,1.513e+05,-0.0070283,1,nan,nan,11489,1,0.0021912,0,0.0055912,0
-0.00067529,1.509e+05,-0.0070959,1,nan,nan,11488,1,0.0021978,0,0.0055978,0
-0.00069695,1.5051e+05,-0.0071634,1,nan,nan,11487,1,0.0022044,0,0.0056044,0
-0.00071861,1.5011e+05,-0.007231,1,nan,nan,11486,1,0.002211,0,0.005611,0
-0.00074028,1.4971e+05,-0.0072986,1,nan,nan,11485,1,0.0022176,0,0.0056176,0
-0.00076194,1.4931e+05,-0.0073661,1,nan,nan,11484,1,0.0022242,0,0.0056242,0
-0.0007836,1.4891e+05,-0.0074337,1,nan,nan,11483,1,0.0022308,0,0.0056308,0
-0.00080527,1.4851e+05,-0.0075013,1,nan,nan,11482,1,0.0022374,0,0.0056374,0
-0.00082693,1.4811e+05,-0.0075689,1,nan,nan,11481,1,0.002244,0,0.005644,0
-0.00084859,1.4771e+05,-0.0076364,1,nan,nan,11480,1,0.0022506,0,0.0056506,0
-0.00087026,1.4731e+05,-0.007704,1,nan,nan,11479,1,0.0022572,0,0.0056572,0
-0.00089192,1.4692e+05,-0.0077716,1,nan,nan,11478,1,0.0022638,0,0.0056638,0
-0.00091359,1.4652e+05,-0.0078391,1,nan,nan,11477,1,0.0022704,0,0.0056704,0
-0.00093525,1.4612e+05,-0.0079067,1,nan,nan,11476,1,0.002277,0,0.005677,0
-0.00095691,1.4572e+05,-0.0079743,1,nan,nan,11475,1,0.0022836,0,0.0056836,0
-0.00097858,1.4532e+05,-0.0080419,1,nan,nan,11474,1,0.0022902,0,0.0056902,0
-0.0010002,1.4492e+05,-0.0081094,1,nan,nan,11473,1,0.0022968,0,0.0056968,0
-0.0010219,1.4452e+05,-0.008177,1,nan,nan,11472,1,0.0023034,0,0.0057034,0
-0.0010436,1.4412e+05,-0.0082446,1,nan,nan,11471,1,0.00231,0,0.00571,0
-0.0010652,1.4372e+05,-0.0083121,1,nan,nan,11470,1,0.0023166,0,0.0057166,0
-0.0010869,1.4333e+05,-0.0083797,1,nan,nan,11469,1,0.0023232,0,0.0057232,0
-0.0011086,1.4293e+05,-0.0084473,1,nan,nan,11468,1,0.0023298,0,0.0057298,0
-0.0011302,1.4253e+05,-0.0085148,1,nan,nan,11467,1,0.0023364,0,0.0057364,0
-0.0011519,1.4213e+05,-0.0085824,1,nan,nan,11466,1,0.002343,0,0.005743,0
-0.0011736,1.4173e+05,-0.00865,1,nan,nan,11465,1,0.0023496,0,0.0057496,0
-0.0011952,1.4133e+05,-0.0087176,1,nan,nan,11464,1,0.0023562,0,0.0057562,0
-0.0012169,1.4093e+05,-0.0087851,1,nan,nan,11463,1,0.0023628,0,0.0057628,0
-0.0012385,1.4053e+05,-0.0088527,1,nan,nan,11462,1,0.0023694,0,0.0057694,0
-0.0012602,1.4013e+05,-0.0089203,1,nan,nan,11461,1,0.002376,0,0.005776,0
-0.0012816,1.3974e+05,-0.0089867,1,nan,nan,11460,1,0.0023826,0,0.0057826,0
-0.0012631,1.3939e+05,-0.0088678,1,nan,nan,11460,1,0.0023892,0,0.0057892,0
-0.0012446,1.3904e+05,-0.0087488,1,nan,nan,11459,1,0.0023958,0,0.0057958,0
-0.0012261,1.3869e+05,-0.0086298,1,nan,nan,11458,1,0.0024024,0,0.0058024,0
-0.0012076,1.3834e+05,-0.0085109,1,nan,nan,11457,1,0.002409,0,0.005809,0
-0.0011891,1.3799e+05,-0.0083919,1,nan,nan,11456,1,0.0024156,0,0.0058156,0
-0.0011706,1.3765e+05,-0.008273,1,nan,nan,11455,1,0.0024222,0,0.0058222,0
-0.0011521,1.373e+05,-0.008154,1,nan,nan,11455,1,0.0024288,0,0.0058288,0
-0.0011336,1.3695e+05,-0.0080351,1,nan,nan,11454,1,0.0024354,0,0.0058354,0
-0.0011151,1.366e+05,-0.0079161,1,nan,nan,11453,1,0.002442,0,0.005842,0
-0.0010966,1.3625e+05,-0.0077972,1,nan,nan,11452,1,0.0024486,0,0.0058486,0
-0.0010781,1.359e+05,-0.0076782,1,nan,nan,11451,1,0.0024552,0,0.0058552,0
-0.0010596,1.3556e+05,-0.0075593,1,nan,nan,11450,1,0.0024618,0,0.0058618,0
-0.0010411,1.3521e+05,-0.0074403,1,nan,nan,11450,1,0.0024684,0,0.0058684,0
-0.0010226,1.3486e+05,-0.0073213,1,nan,nan,11449,1,0.002475,0,0.005875,0
-0.0010041,1.3451e+05,-0.0072024,1,nan,nan,11448,1,0.0024816,0,0.0058816,0
-0.00098556,1.3416e+05,-0.0070834,1,nan,nan,11447,1,0.0024882,0,0.0058882,0
-0.00096706,1.3382e+05,-0.0069645,1,nan,nan,11446,1,0.0024948,0,0.0058948,0
-0.00094855,1.3347e+05,-0.0068455,1,nan,nan,11445,1,0.0025014,0,0.0059014,0
-0.00093005,1.3312e+05,-0.0067266,1,nan,nan,11445,1,0.002508,0,0.005908,0
-0.00091155,1.3277e+05,-0.0066076,1,nan,nan,11444,1,0.0025146,0,0.0059146,0
-0.00089304,1.3242e+05,-0.0064887,1,nan,nan,11443,1,0.0025212,0,0.0059212,0
-0.00087454,1.3207e+05,-0.0063697,1,nan,nan,11442,1,0.0025278,0,0.0059278,0
-0.00085603,1.3173e+05,-0.0062508,1,nan,nan,11441,1,0.0025344,0,0.0059344,0
-0.00083753,1.3138e+05,-0.0061318,1,nan,nan,11440,1,0.002541,0,0.005941,0
-0.00081903,1.3103e+05,-0.0060128,1,nan,nan,11439,1,0.0025476,0,0.0059476,0
-0.00080052,1.3068e+05,-0.0058939,1,nan,nan,11439,1,0.0025542,0,0.0059542,0
-0.00078202,1.3033e+05,-0.0057749,1,nan,nan,11438,1,0.0025608,0,0.0059608,0
-0.00076351,1.2998e+05,-0.005656,1,nan,nan,11437,1,0.0025674,0,0.0059674,0
-0.00074501,1.2964e+05,-0.005537,1,nan,nan,11436,1,0.002574,0,0.005974,0
-0.00072651,1.2929e+05,-0.0054181,1,nan,nan,11435,1,0.0025806,0,0.0059806,0
-0.000708,1.2894e+05,-0.0052991,1,nan,nan,11434,1,0.0025872,0,0.0059872,0
-0.0006895,1.2859e+05,-0.0051802,1,nan,nan,11434,1,0.0025938,0,0.0059938,0
-0.00067099,1.2824e+05,-0.0050612,1,nan,nan,11433,1,0.0026004,0,0.0060004,0
-0.00065249,1.2789e+05,-0.0049423,1,nan,nan,11432,1,0.002607,0,0.006007,0
-0.00063399,1.2755e+05,-0.0048233,1,nan,nan,11431,1,0.0026136,0,0.0060136,0
-0.00061548,1.272e+05,-0.0047044,1,nan,nan,11430,1,0.0026202,0,0.0060202,0
-0.00059698,1.2685e+05,-0.0045854,1,nan,nan,11429,1,0.0026268,0,0.0060268,0
-0.00057847,1.265e+05,-0.0044664,1,nan,nan,11429,1,0.0026334,0,0.0060334,0
-0.00055997,1.2615e+05,-0.0043475,1,nan,nan,11428,1,0.00264,0,0.00604,0
-0.00054147,1.258e+05,-0.0042285,1,nan,nan,11427,1,0.0026466,0,0.0060466,0
-0.00052296,1.2546e+05,-0.0041096,1,nan,nan,11426,1,0.0026532,0,0.0060532,0
-0.00050446,1.2511e+05,-0.0039906,1,nan,nan,11425,1,0.0026598,0,0.0060598,0
-0.00048595,1.2476e+05,-0.0038717,1,nan,nan,11424,1,0.0026664,0,0.0060664,0
-0.00046745,1.2441e+05,-0.0037527,1,nan,nan,11424,1,0.002673,0,0.006073,0
-0.00044895,1.2406e+05,-0.0036338,1,nan,nan,11423,1,0.0026796,0,0.0060796,0
-0.00043044,1.2372e+05,-0.0035148,1,nan,nan,11422,1,0.0026862,0,0.0060862,0
-0.00041194,1.2337e+05,-0.0033959,1,nan,nan,11421,1,0.0026928,0,0.0060928,0
-0.00039343,1.2302e+05,-0.0032769,1,nan,nan,11420,1,0.0026994,0,0.0060994,0
-0.00037493,1.2267e+05,-0.0031579,1,nan,nan,11419,1,0.002706,0,0.006106,0
-0.00035643,1.2232e+05,-0.003039,1,nan,nan,11418,1,0.0027126,0,0.0061126,0
-0.00033792,1.2197e+05,-0.00292,1,nan,nan,11418,1,0.0027192,0,0.0061192,0
-0.00031942,1.2163e+05,-0.0028011,1,nan,nan,11417,1,0.0027258,0,0.0061258,0
-0.00030091,1.2128e+05,-0.0026821,1,nan,nan,11416,1,0.0027324,0,0.0061324,0
-0.00028241,1.2093e+05,-0.0025632,1,nan,nan,11415,1,0.002739,0,0.006139,0
-0.00026391,1.2058e+05,-0.0024442,1,nan,nan,11414,1,0.0027456,0,0.0061456,0
-0.0002454,1.2023e+05,-0.0023253,1,nan,nan,11413,1,0.0027522,0,0.0061522,0
-0.0002269,1.1988e+05,-0.0022063,1,nan,nan,11413,1,0.0027588,0,0.0061588,0
-0.00020839,1.1954e+05,-0.0020874,1,nan,nan,11412,1,0.0027654,0,0.0061654,0
-0.00018989,1.1919e+05,-0.0019684,1,nan,nan,11411,1,0.002772,0,0.006172,0
-0.00017139,1.1884e+05,-0.0018495,1,nan,nan,11410,1,0.0027786,0,0.0061786,0
-0.00015288,1.1849e+05,-0.0017305,1,nan,nan,11409,1,0.0027852,0,0.0061852,0
-0.00013438,1.1814e+05,-0.0016115,1,nan,nan,11408,1,0.0027918,0,0.0061918,0
-0.00011587,1.1779e+05,-0.0014926,1,nan,nan,11408,1,0.0027984,0,0.0061984,0
-9.737e-05,1.1745e+05,-0.0013736,1,nan,nan,11407,1,0.002805,0,0.006205,0
-7.8867e-05,1.171e+05,-0.0012547,1,nan,nan,11406,1,0.0028116,0,0.0062116,0
-6.0362e-05,1.1675e+05,-0.0011357,1,nan,nan,11405,1,0.0028182,0,0.0062182,0
-4.1858e-05,1.164e+05,-0.0010168,1,nan,nan,11404,1,0.0028248,0,0.0062248,0
-2.3355e-05,1.1605e+05,-0.00089782,1,nan,nan,11403,1,0.0028314,0,0.0062314,0
-4.8501e-06,1.157e+05,-0.00077886,1,nan,nan,11403,1,0.002838,0,0.006238,0
-5.0259e-12,1.1539e+05,-0.00073408,1,nan,nan,11402,1,0.0028446,0,0.0062446,0
-5.0129e-12,1.151e+05,-0.00071564,1,nan,nan,11401,1,0.0028512,0,0.0062512,0
-5e-12,1.148e+05,-0.0006972,1,nan,nan,11400,1,0.0028578,0,0.0062578,0
-3.9896e-12,1.145e+05,-0.00067876,1,nan,nan,11400,1,0.0028644,0,0.0062644,0
-3.9793e-12,1.1421e+05,-0.00066032,1,nan,nan,11399,1,0.002871,0,0.006271,0
-3.9689e-12,1.1391e+05,-0.00064188,1,nan,nan,11398,1,0.0028776,0,0.0062776,0
-3.9586e-12,1.1361e+05,-0.00062344,1,nan,nan,11398,1,0.0028842,0,0.0062842,0
-3.9482e-12,1.1332e+05,-0.00060501,1,nan,nan,11397,1,0.0028908,0,0.0062908,0
-3.9379e-12,1.1302e+05,-0.00058657,1,nan,nan,11396,1,0.0028974,0,0.0062974,0
-3.9275e-12,1.1272e+05,-0.00056813,1,nan,nan,11396,1,0.002904,0,0.006304,0
-3.9172e-12,1.1242e+05,-0.00054969,1,nan,nan,11395,1,0.0029106,0,0.0063106,0
-3.9068e-12,1.1213e+05,-0.00053125,1,nan,nan,11394,1,0.0029172,0,0.0063172,0
-3.8965e-12,1.1183e+05,-0.00051281,1,nan,nan,11394,1,0.0029238,0,0.0063238,0
-3.8861e-12,1.1153e+05,-0.00049438,1,nan,nan,11393,1,0.0029304,0,0.0063304,0
-3.8758e-12,1.1124e+05,-0.00047594,1,nan,nan,11392,1,0.002937,0,0.006337,0
-3.8654e-12,1.1094e+05,-0.0004575,1,nan,nan,11392,1,0.0029436,0,0.0063436,0
-3.8551e-12,1.1064e+05,-0.00043906,1,nan,nan,11391,1,0.0029502,0,0.0063502,0
-3.8447e-12,1.1035e+05,-0.00042062,1,nan,nan,11390,1,0.0029568,0,0.0063568,0
-3.8344e-12,1.1005e+05,-0.00040218,1,nan,nan,11390,1,0.0029634,0,0.0063634,0
-3.824e-12,1.0975e+05,-0.00038374,1,nan,nan,11389,1,0.00297,0,0.00637,0
-3.8137e-12,1.0945e+05,-0.00036531,1,nan,nan,11388,1,0.0029766,0,0.0063766,0
-3.8033e-12,1.0916e+05,-0.00034687,1,nan,nan,11388,1,0.0029832,0,0.0063832,0
-3.793e-12,1.0886e+05,-0.00032843,1,nan,nan,11387,1,0.0029898,0,0.0063898,0
-3.7827e-12,1.0856e+05,-0.00030999,1,nan,nan,11386,1,0.0029964,0,0.0063964,0
-3.7723e-12,1.0827e+05,-0.00029155,1,nan,nan,11386,1,0.003003,0,0.006403,0
-3.762e-12,1.0797e+05,-0.00027311,1,nan,nan,11385,1,0.0030096,0,0.0064096,0
-3.7516e-12,1.0767e+05,-0.00025468,1,nan,nan,11384,1,0.0030162,0,0.0064162,0
-3.7413e-12,1.0737e+05,-0.00023624,1,nan,nan,11383,1,0.0030228,0,0.0064228,0
-3.7309e-12,1.0708e+05,-0.0002178,1,nan,nan,11383,1,0.0030294,0,0.0064294,0
-3.7206e-12,1.0678e+05,-0.00019936,1,nan,nan,11382,1,0.003036,0,0.006436,0
-3.7102e-12,1.0648e+05,-0.00018092,1,nan,nan,11381,1,0.0030426,0,0.0064426,0
-3.6999e-12,1.0619e+05,-0.00016248,1,nan,nan,11381,1,0.0030492,0,0.0064492,0
-3.6895e-12,1.0589e+05,-0.00014404,1,nan,nan,11380,1,0.0030558,0,0.0064558,0
-3.6792e-12,1.0559e+05,-0.00012561,1,nan,nan,11379,1,0.0030624,0,0.0064624,0
-3.6688e-12,1.053e+05,-0.00010717,1,nan,nan,11379,1,0.003069,0,0.006469,0
-3.6585e-12,1.05e+05,-8.8728e-05,1,nan,nan,11378,1,0.0030756,0,0.0064756,0
-3.6481e-12,1.047e+05,-7.029e-05,1,nan,nan,11377,1,0.0030822,0,0.0064822,0
-3.6378e-12,1.044e+05,-5.1851e-05,1,nan,nan,11377,1,0.0030888,0,0.0064888,0
-3.6274e-12,1.0411e+05,-3.3413e-05,1,nan,nan,11376,1,0.0030954,0,0.0064954,0
-3.6171e-12,1.0381e+05,-1.4975e-05,1,nan,nan,11375,1,0.003102,0,0.006502,0
-3.6067e-12,1.0351e+05,3.4644e-06,1,nan,nan,11375,1,0.0031086,0,0.0065086,0
-3.5964e-12,1.0322e+05,2.1902e-05,1,nan,nan,11374,1,0.0031152,0,0.0065152,0
-3.586e-12,1.0292e+05,4.0342e-05,1,nan,nan,11373,1,0.0031218,0,0.0065218,0
-3.5757e-12,1.0262e+05,5.878e-05,1,nan,nan,11373,1,0.0031284,0,0.0065284,0
-3.5653e-12,1.0233e+05,7.7218e-05,1,nan,nan,11372,1,0.003135,0,0.006535,0
-3.555e-12,1.0203e+05,9.5657e-05,1,nan,nan,11371,1,0.0031416,0,0.0065416,0
-3.5446e-12,1.0173e+05,0.00011409,1,nan,nan,11371,1,0.0031482,0,0.0065482,0
-3.5343e-12,1.0143e+05,0.00013253,1,nan,nan,11370,1,0.0031548,0,0.0065548,0
-3.5239e-12,1.0114e+05,0.00015097,1,nan,nan,11369,1,0.0031614,0,0.0065614,0
-3.5136e-12,1.0084e+05,0.00016941,1,nan,nan,11369,1,0.003168,0,0.006568,0
-3.5032e-12,1.0054e+05,0.00018785,1,nan,nan,11368,1,0.0031746,0,0.0065746,0
-3.4929e-12,1.0025e+05,0.00020629,1,nan,nan,11367,1,0.0031812,0,0.0065812,0
-3.4825e-12,99949,0.00022473,1,nan,nan,11367,1,0.0031878,0,0.0065878,0
-3.4722e-12,99652,0.00024316,1,nan,nan,11366,1,0.0031944,0,0.0065944,0
-3.4618e-12,99355,0.0002616,1,nan,nan,11365,1,0.003201,0,0.006601,0
-3.4515e-12,99058,0.00028004,1,nan,nan,11364,1,0.0032076,0,0.0066076,0
-3.4411e-12,98761,0.00029848,1,nan,nan,11364,1,0.0032142,0,0.0066142,0
-3.4308e-12,98464,0.00031692,1,nan,nan,11363,1,0.0032208,0,0.0066208,0
-3.4204e-12,98167,0.00033536,1,nan,nan,11362,1,0.0032274,0,0.0066274,0
-3.4101e-12,97870,0.0003538,1,nan,nan,11362,1,0.003234,0,0.006634,0
-3.3997e-12,97573,0.00037223,1,nan,nan,11361,1,0.0032406,0,0.0066406,0
-3.3894e-12,97276,0.00039067,1,nan,nan,11360,1,0.0032472,0,0.0066472,0
-3.379e-12,96979,0.00040911,1,nan,nan,11360,1,0.0032538,0,0.0066538,0
-3.3687e-12,96682,0.00042755,1,nan,nan,11359,1,0.0032604,0,0.0066604,0
-3.3583e-12,96385,0.00044599,1,nan,nan,11358,1,0.003267,0,0.006667,0
-3.348e-12,96088,0.00046443,1,nan,nan,11358,1,0.0032736,0,0.0066736,0
-3.3376e-12,95791,0.00048286,1,nan,nan,11357,1,0.0032802,0,0.0066802,0
-3.3273e-12,95494,0.0005013,1,nan,nan,11356,1,0.0032868,0,0.0066868,0
-3.3169e-12,95197,0.00051974,1,nan,nan,11356,1,0.0032934,0,0.0066934,0
-3.3066e-12,94900,0.00053818,1,nan,nan,11355,1,0.0033,0,0.0067,0
-3.2962e-12,94603,0.00055662,1,nan,nan,11354,1,0.0033066,0,0.0067066,0
-3.2859e-12,94306,0.00057506,1,nan,nan,11354,1,0.0033132,0,0.0067132,0
-3.2755e-12,94009,0.0005935,1,nan,nan,11353,1,0.0033198,0,0.0067198,0
-3.2652e-12,93712,0.00061193,1,nan,nan,11352,1,0.0033264,0,0.0067264,0
-3.2548e-12,93415,0.00063037,1,nan,nan,11352,1,0.003333,0,0.006733,0
-3.2445e-12,93118,0.00064881,1,nan,nan,11351,1,0.0033396,0,0.0067396,0
-3.2341e-12,92821,0.00066725,1,nan,nan,11350,1,0.0033462,0,0.0067462,0
-3.2238e-12,92524,0.00068569,1,nan,nan,11350,1,0.0033528,0,0.0067528,0
-3.2134e-12,92227,0.00070413,1,nan,nan,11349,1,0.0033594,0,0.0067594,0
-3.2031e-12,91930,0.00072257,1,nan,nan,11348,1,0.003366,0,0.006766,0
-3.1927e-12,91633,0.000741,1,nan,nan,11347,1,0.0033726,0,0.0067726,0
-3.1835e-12,91367,0.00074773,1,nan,nan,11347,1,0.0033792,0,0.0067792,0
-3.1748e-12,91118,0.00074781,1,nan,nan,11346,1,0.0033858,0,0.0067858,0
-3.1661e-12,90869,0.00074789,1,nan,nan,11346,1,0.0033924,0,0.0067924,0
-3.1575e-12,90621,0.00074797,1,nan,nan,11345,1,0.003399,0,0.006799,0
-3.1488e-12,90372,0.00074805,1,nan,nan,11345,1,0.0034056,0,0.0068056,0
-3.1401e-12,90123,0.00074813,1,nan,nan,11344,1,0.0034122,0,0.0068122,0
-3.1315e-12,89875,0.00074821,1,nan,nan,11344,1,0.0034188,0,0.0068188,0
-3.1228e-12,89626,0.00074829,1,nan,nan,11343,1,0.0034254,0,0.0068254,0
-2.3356e-12,89377,0.00074837,1,nan,nan,11343,1,0.003432,0,0.006832,0
-2.3291e-12,89129,0.00074846,1,nan,nan,11342,1,0.0034386,0,0.0068386,0
-2.3226e-12,88880,0.00074854,1,nan,nan,11342,1,0.0034452,0,0.0068452,0
-2.3161e-12,88631,0.00074862,1,nan,nan,11341,1,0.0034518,0,0.0068518,0
-2.3096e-12,88382,0.0007487,1,nan,nan,11341,1,0.0034584,0,0.0068584,0
-2.3031e-12,88134,0.00074878,1,nan,nan,11340,1,0.003465,0,0.006865,0
-2.2966e-12,87885,0.00074886,1,nan,nan,11340,1,0.0034716,0,0.0068716,0
-2.2901e-12,87636,0.00074894,1,nan,nan,11339,1,0.0034782,0,0.0068782,0
-2.2836e-12,87388,0.00074902,1,nan,nan,11339,1,0.0034848,0,0.0068848,0
-2.2771e-12,87139,0.0007491,1,nan,nan,11338,1,0.0034914,0,0.0068914,0
-2.2706e-12,86890,0.00074918,1,nan,nan,11338,1,0.003498,0,0.006898,0
-2.2641e-12,86642,0.00074926,1,nan,nan,11337,1,0.0035046,0,0.0069046,0
-2.2576e-12,86393,0.00074934,1,nan,nan,11337,1,0.0035112,0,0.0069112,0
-2.2511e-12,86144,0.00074942,1,nan,nan,11336,1,0.0035178,0,0.0069178,0
-2.2446e-12,85896,0.0007495,1,nan,nan,11335,1,0.0035244,0,0.0069244,0
-2.2381e-12,85647,0.00074958,1,nan,nan,11335,1,0.003531,0,0.006931,0
-2.2316e-12,85398,0.00074966,1,nan,nan,11334,1,0.0035376,0,0.0069376,0
-2.2251e-12,85150,0.00074974,1,nan,nan,11334,1,0.0035442,0,0.0069442,0
-2.2186e-12,84901,0.00074982,1,nan,nan,11333,1,0.0035508,0,0.0069508,0
-2.2121e-12,84652,0.0007499,1,nan,nan,11333,1,0.0035574,0,0.0069574,0
-2.2056e-12,84404,0.00074998,1,nan,nan,11332,1,0.003564,0,0.006964,0
-2.1991e-12,84155,0.00075006,1,nan,nan,11332,1,0.0035706,0,0.0069706,0
-2.1926e-12,83906,0.00075014,1,nan,nan,11331,1,0.0035772,0,0.0069772,0
-2.1861e-12,83658,0.00075022,1,nan,nan,11331,1,0.0035838,0,0.0069838,0
-2.1797e-12,83409,0.0007503,1,nan,nan,11330,1,0.0035904,0,0.0069904,0
-2.1732e-12,83160,0.00075038,1,nan,nan,11330,1,0.003597,0,0.006997,0
-2.1667e-12,82911,0.00075046,1,nan,nan,11329,1,0.0036036,0,0.0070036,0
-2.1602e-12,82663,0.00075054,1,nan,nan,11329,1,0.0036102,0,0.0070102,0
-2.1537e-12,82414,0.00075062,1,nan,nan,11328,1,0.0036168,0,0.0070168,0
-2.1472e-12,82165,0.0007507,1,nan,nan,11328,1,0.0036234,0,0.0070234,0
-2.1407e-12,81917,0.00075079,1,nan,nan,11327,1,0.00363,0,0.00703,0
-2.1342e-12,81668,0.00075087,1,nan,nan,11327,1,0.0036366,0,0.0070366,0
-2.1277e-12,81419,0.00075095,1,nan,nan,11326,1,0.0036432,0,0.0070432,0
-2.1212e-12,81171,0.00075103,1,nan,nan,11326,1,0.0036498,0,0.0070498,0
-2.1147e-12,80922,0.00075111,1,nan,nan,11325,1,0.0036564,0,0.0070564,0
-2.1082e-12,80673,0.00075119,1,nan,nan,11325,1,0.003663,0,0.007063,0
-2.1017e-12,80425,0.00075127,1,nan,nan,11324,1,0.0036696,0,0.0070696,0
-2.0952e-12,80176,0.00075135,1,nan,nan,11324,1,0.0036762,0,0.0070762,0
-2.0887e-12,79927,0.00075143,1,nan,nan,11323,1,0.0036828,0,0.0070828,0
-2.0822e-12,79679,0.00075151,1,nan,nan,11322,1,0.0036894,0,0.0070894,0
-2.0757e-12,79430,0.00075159,1,nan,nan,11322,1,0.003696,0,0.007096,0
-2.0692e-12,79181,0.00075167,1,nan,nan,11321,1,0.0037026,0,0.0071026,0
-2.0627e-12,78933,0.00075175,1,nan,nan,11321,1,0.0037092,0,0.0071092,0
-2.0562e-12,78684,0.00075183,1,nan,nan,11320,1,0.0037158,0,0.0071158,0
-2.0497e-12,78435,0.00075191,1,nan,nan,11320,1,0.0037224,0,0.0071224,0
-2.0432e-12,78186,0.00075199,1,nan,nan,11319,1,0.003729,0,0.007129,0
-2.0367e-12,77938,0.00075207,1,nan,nan,11319,1,0.0037356,0,0.0071356,0
-2.0302e-12,77689,0.00075215,1,nan,nan,11318,1,0.0037422,0,0.0071422,0
-2.0237e-12,77440,0.00075223,1,nan,nan,11318,1,0.0037488,0,0.0071488,0
-2.0172e-12,77192,0.00075231,1,nan,nan,11317,1,0.0037554,0,0.0071554,0
-2.0107e-12,76943,0.00075239,1,nan,nan,11317,1,0.003762,0,0.007162,0
-2.0042e-12,76694,0.00075247,1,nan,nan,11316,1,0.0037686,0,0.0071686,0
-1.9977e-12,76446,0.00075255,1,nan,nan,11316,1,0.0037752,0,0.0071752,0
-1.9912e-12,76197,0.00075263,1,nan,nan,11315,1,0.0037818,0,0.0071818,0
-1.9847e-12,75948,0.00075271,1,nan,nan,11315,1,0.0037884,0,0.0071884,0
-1.9782e-12,75700,0.00075279,1,nan,nan,11314,1,0.003795,0,0.007195,0
-1.9717e-12,75451,0.00075287,1,nan,nan,11314,1,0.0038016,0,0.0072016,0
-1.9652e-12,75202,0.00075295,1,nan,nan,11313,1,0.0038082,0,0.0072082,0
-1.9587e-12,74954,0.00075304,1,nan,nan,11313,1,0.0038148,0,0.0072148,0
-1.9522e-12,74705,0.00075312,1,nan,nan,11312,1,0.0038214,0,0.0072214,0
-1.9457e-12,74456,0.0007532,1,nan,nan,11312,1,0.003828,0,0.007228,0
-1.9392e-12,74208,0.00075328,1,nan,nan,11311,1,0.0038346,0,0.0072346,0
-1.9327e-12,73959,0.00075336,1,nan,nan,11310,1,0.0038412,0,0.0072412,0
-1.9262e-12,73710,0.00075344,1,nan,nan,11310,1,0.0038478,0,0.0072478,0
-1.9197e-12,73462,0.00075352,1,nan,nan,11309,1,0.0038544,0,0.0072544,0
-1.9132e-12,73213,0.0007536,1,nan,nan,11309,1,0.003861,0,0.007261,0
-1.9067e-12,72964,0.00075368,1,nan,nan,11308,1,0.0038676,0,0.0072676,0
-1.9002e-12,72715,0.00075376,1,nan,nan,11308,1,0.0038742,0,0.0072742,0
-1.8937e-12,72467,0.00075384,1,nan,nan,11307,1,0.0038808,0,0.0072808,0
-1.8872e-12,72218,0.00075392,1,nan,nan,11307,1,0.0038874,0,0.0072874,0
-1.8807e-12,71969,0.000754,1,nan,nan,11306,1,0.003894,0,0.007294,0
-1.8742e-12,71721,0.00075408,1,nan,nan,11306,1,0.0039006,0,0.0073006,0
-1.8677e-12,71472,0.00075416,1,nan,nan,11305,1,0.0039072,0,0.0073072,0
-1.8612e-12,71223,0.00075424,1,nan,nan,11305,1,0.0039138,0,0.0073138,0
-1.8547e-12,70975,0.00075432,1,nan,nan,11304,1,0.0039204,0,0.0073204,0
-1.8482e-12,70726,0.0007544,1,nan,nan,11304,1,0.003927,0,0.007327,0
-1.8417e-12,70477,0.00075448,1,nan,nan,11303,1,0.0039336,0,0.0073336,0
-1.8352e-12,70229,0.00075456,1,nan,nan,11303,1,0.0039402,0,0.0073402,0
-1.8287e-12,69980,0.00075464,1,nan,nan,11302,1,0.0039468,0,0.0073468,0
-1.8222e-12,69731,0.00075472,1,nan,nan,11302,1,0.0039534,0,0.0073534,0
-1.8157e-12,69483,0.0007548,1,nan,nan,11301,1,0.00396,0,0.00736,0
-1.8092e-12,69234,0.00075488,1,nan,nan,11301,1,0.0039666,0,0.0073666,0
-1.8027e-12,68985,0.00075496,1,nan,nan,11300,1,0.0039732,0,0.0073732,0
-1.7962e-12,68737,0.00075504,1,nan,nan,11300,1,0.0039798,0,0.0073798,0
-1.7897e-12,68488,0.00075512,1,nan,nan,11299,1,0.0039864,0,0.0073864,0
-1.7832e-12,68239,0.0007552,1,nan,nan,11299,1,0.003993,0,0.007393,0
-1.7767e-12,67990,0.00075529,1,nan,nan,11298,1,0.0039996,0,0.0073996,0
-1.771e-12,67771,0.00072276,1,nan,nan,11298,1,0.0040062,0,0.0074062,0
-1.7656e-12,67565,0.00067554,1,nan,nan,11297,1,0.0040128,0,0.0074128,0
-1.7602e-12,67359,0.00062832,1,nan,nan,11297,1,0.0040194,0,0.0074194,0
-1.7548e-12,67152,0.0005811,1,nan,nan,11297,1,0.004026,0,0.007426,0
-1.7495e-12,66946,0.00053388,1,nan,nan,11296,1,0.0040326,0,0.0074326,0
-1.7441e-12,66740,0.00048666,1,nan,nan,11296,1,0.0040392,0,0.0074392,0
-1.7387e-12,66534,0.00043945,1,nan,nan,11295,1,0.0040458,0,0.0074458,0
-1.7333e-12,66327,0.00039222,1,nan,nan,11295,1,0.0040524,0,0.0074524,0
-1.7279e-12,66121,0.00034501,1,nan,nan,11295,1,0.004059,0,0.007459,0
-1.7225e-12,65915,0.00029779,1,nan,nan,11294,1,0.0040656,0,0.0074656,0
-1.7171e-12,65709,0.00025057,1,nan,nan,11294,1,0.0040722,0,0.0074722,0
-1.7117e-12,65502,0.00020335,1,nan,nan,11294,1,0.0040788,0,0.0074788,0
-1.7063e-12,65296,0.00015613,1,nan,nan,11293,1,0.0040854,0,0.0074854,0
-1.7009e-12,65090,0.00010891,1,nan,nan,11293,1,0.004092,0,0.007492,0
-1.6956e-12,64883,6.1692e-05,1,nan,nan,11292,1,0.0040986,0,0.0074986,0
-1.6902e-12,64677,1.4474e-05,1,nan,nan,11292,1,0.0041052,0,0.0075052,0
-1.1232e-12,64471,-3.2743e-05,1,nan,nan,11292,1,0.0041118,0,0.0075118,0
-1.1196e-12,64265,-7.9964e-05,1,nan,nan,11291,1,0.0041184,0,0.0075184,0
-1.116e-12,64058,-0.00012718,1,nan,nan,11291,1,0.004125,0,0.007525,0
-1.1124e-12,63852,-0.0001744,1,nan,nan,11291,1,0.0041316,0,0.0075316,0
-1.1088e-12,63646,-0.00022162,1,nan,nan,11290,1,0.0041382,0,0.0075382,0
-1.1052e-12,63440,-0.00026884,1,nan,nan,11290,1,0.0041448,0,0.0075448,0
-1.1016e-12,63233,-0.00031606,1,nan,nan,11290,1,0.0041514,0,0.0075514,0
-1.098e-12,63027,-0.00036328,1,nan,nan,11289,1,0.004158,0,0.007558,0
-1.0944e-12,62821,-0.0004105,1,nan,nan,11289,1,0.0041646,0,0.0075646,0
-1.0908e-12,62615,-0.00045771,1,nan,nan,11288,1,0.0041712,0,0.0075712,0
-1.0872e-12,62408,-0.00050493,1,nan,nan,11288,1,0.0041778,0,0.0075778,0
-1.0837e-12,62202,-0.00055215,1,nan,nan,11288,1,0.0041844,0,0.0075844,0
-1.0801e-12,61996,-0.00059937,1,nan,nan,11287,1,0.004191,0,0.007591,0
-1.0765e-12,61790,-0.00064659,1,nan,nan,11287,1,0.0041976,0,0.0075976,0
-1.0729e-12,61583,-0.00069381,1,nan,nan,11287,1,0.0042042,0,0.0076042,0
-1.0693e-12,61377,-0.00074103,1,nan,nan,11286,1,0.0042108,0,0.0076108,0
-1.0657e-12,61171,-0.00078825,1,nan,nan,11286,1,0.0042174,0,0.0076174,0
-1.0621e-12,60965,-0.00083547,1,nan,nan,11286,1,0.004224,0,0.007624,0
-1.0585e-12,60758,-0.00088268,1,nan,nan,11285,1,0.0042306,0,0.0076306,0
-1.0549e-12,60552,-0.0009299,1,nan,nan,11285,1,0.0042372,0,0.0076372,0
-1.0513e-12,60346,-0.00097712,1,nan,nan,11284,1,0.0042438,0,0.0076438,0
-1.0477e-12,60140,-0.0010243,1,nan,nan,11284,1,0.0042504,0,0.0076504,0
-1.0441e-12,59933,-0.0010716,1,nan,nan,11284,1,0.004257,0,0.007657,0
-1.0405e-12,59727,-0.0011188,1,nan,nan,11283,1,0.0042636,0,0.0076636,0
-1.0369e-12,59521,-0.001166,1,nan,nan,11283,1,0.0042702,0,0.0076702,0
-1.0333e-12,59315,-0.0012132,1,nan,nan,11283,1,0.0042768,0,0.0076768,0
-1.0298e-12,59108,-0.0012604,1,nan,nan,11282,1,0.0042834,0,0.0076834,0
-1.0262e-12,58902,-0.0013077,1,nan,nan,11282,1,0.00429,0,0.00769,0
-1.0226e-12,58696,-0.0013549,1,nan,nan,11282,1,0.0042966,0,0.0076966,0
-1.019e-12,58490,-0.0014021,1,nan,nan,11281,1,0.0043032,0,0.0077032,0
-1.0154e-12,58283,-0.0014493,1,nan,nan,11281,1,0.0043098,0,0.0077098,0
-1.0118e-12,58077,-0.0014965,1,nan,nan,11280,1,0.0043164,0,0.0077164,0
-1.0082e-12,57871,-0.0015437,1,nan,nan,11280,1,0.004323,0,0.007723,0
-1.0046e-12,57665,-0.001591,1,nan,nan,11280,1,0.0043296,0,0.0077296,0
-1.001e-12,57458,-0.0016382,1,nan,nan,11279,1,0.0043362,0,0.0077362,0
-9.9742e-13,57252,-0.0016854,1,nan,nan,11279,1,0.0043428,0,0.0077428,0
-9.9382e-13,57046,-0.0017326,1,nan,nan,11279,1,0.0043494,0,0.0077494,0
-9.9023e-13,56840,-0.0017798,1,nan,nan,11278,1,0.004356,0,0.007756,0
-9.8664e-13,56633,-0.0018271,1,nan,nan,11278,1,0.0043626,0,0.0077626,0
-9.8304e-13,56427,-0.0018743,1,nan,nan,11277,1,0.0043692,0,0.0077692,0
-9.7945e-13,56221,-0.0019215,1,nan,nan,11277,1,0.0043758,0,0.0077758,0
-9.7586e-13,56015,-0.0019687,1,nan,nan,11277,1,0.0043824,0,0.0077824,0
-9.7226e-13,55808,-0.0020159,1,nan,nan,11276,1,0.004389,0,0.007789,0
-9.6867e-13,55602,-0.0020632,1,nan,nan,11276,1,0.0043956,0,0.0077956,0
-9.6508e-13,55396,-0.0021104,1,nan,nan,11276,1,0.0044022,0,0.0078022,0
-9.6148e-13,55190,-0.0021576,1,nan,nan,11275,1,0.0044088,0,0.0078088,0
-9.5789e-13,54983,-0.0022048,1,nan,nan,11275,1,0.0044154,0,0.0078154,0
-9.543e-13,54777,-0.002252,1,nan,nan,11275,1,0.004422,0,0.007822,0
-9.507e-13,54571,-0.0022993,1,nan,nan,11274,1,0.0044286,0,0.0078286,0
-9.4711e-13,54365,-0.0023465,1,nan,nan,11274,1,0.0044352,0,0.0078352,0
-9.4352e-13,54158,-0.0023937,1,nan,nan,11273,1,0.0044418,0,0.0078418,0
-9.3992e-13,53952,-0.0024409,1,nan,nan,11273,1,0.0044484,0,0.0078484,0
-9.3633e-13,53746,-0.0024881,1,nan,nan,11273,1,0.004455,0,0.007855,0
-9.3274e-13,53539,-0.0025353,1,nan,nan,11272,1,0.0044616,0,0.0078616,0
-9.2914e-13,53333,-0.0025826,1,nan,nan,11272,1,0.0044682,0,0.0078682,0
-9.2555e-13,53127,-0.0026298,1,nan,nan,11272,1,0.0044748,0,0.0078748,0
-9.2196e-13,52921,-0.002677,1,nan,nan,11271,1,0.0044814,0,0.0078814,0
-9.1836e-13,52714,-0.0027242,1,nan,nan,11271,1,0.004488,0,0.007888,0
-9.1477e-13,52508,-0.0027714,1,nan,nan,11271,1,0.0044946,0,0.0078946,0
-9.1118e-13,52302,-0.0028187,1,nan,nan,11270,1,0.0045012,0,0.0079012,0
-9.0758e-13,52096,-0.0028659,1,nan,nan,11270,1,0.0045078,0,0.0079078,0
-9.0399e-13,51889,-0.0029131,1,nan,nan,11269,1,0.0045144,0,0.0079144,0
-9.004e-13,51683,-0.0029603,1,nan,nan,11269,1,0.004521,0,0.007921,0
-8.968e-13,51477,-0.0030075,1,nan,nan,11269,1,0.0045276,0,0.0079276,0
-8.9321e-13,51271,-0.0030548,1,nan,nan,11268,1,0.0045342,0,0.0079342,0
-8.8962e-13,51064,-0.003102,1,nan,nan,11268,1,0.0045408,0,0.0079408,0
-8.8602e-13,50858,-0.0031492,1,nan,nan,11268,1,0.0045474,0,0.0079474,0
-8.8243e-13,50652,-0.0031964,1,nan,nan,11267,1,0.004554,0,0.007954,0
-8.7884e-13,50446,-0.0032436,1,nan,nan,11267,1,0.0045606,0,0.0079606,0
-8.7525e-13,50239,-0.0032908,1,nan,nan,11267,1,0.0045672,0,0.0079672,0
-8.7165e-13,50033,-0.0033381,1,nan,nan,11266,1,0.0045738,0,0.0079738,0
-8.6806e-13,49827,-0.0033853,1,nan,nan,11266,1,0.0045804,0,0.0079804,0
-8.6447e-13,49621,-0.0034325,1,nan,nan,11265,1,0.004587,0,0.007987,0
-8.6087e-13,49414,-0.0034797,1,nan,nan,11265,1,0.0045936,0,0.0079936,0
-8.5728e-13,49208,-0.0035269,1,nan,nan,11265,1,0.0046002,0,0.0080002,0
-8.5369e-13,49002,-0.0035742,1,nan,nan,11264,1,0.0046068,0,0.0080068,0
-8.5009e-13,48796,-0.0036214,1,nan,nan,11264,1,0.0046134,0,0.0080134,0
-8.465e-13,48589,-0.0036686,1,nan,nan,11264,1,0.00462,0,0.00802,0
-8.4291e-13,48383,-0.0037158,1,nan,nan,11263,1,0.0046266,0,0.0080266,0
-8.3931e-13,48177,-0.003763,1,nan,nan,11263,1,0.0046332,0,0.0080332,0
-8.3572e-13,47971,-0.0038103,1,nan,nan,11262,1,0.0046398,0,0.0080398,0
-8.3213e-13,47764,-0.0038575,1,nan,nan,11262,1,0.0046464,0,0.0080464,0
-8.2853e-13,47558,-0.0039047,1,nan,nan,11262,1,0.004653,0,0.008053,0
-8.2494e-13,47352,-0.0039519,1,nan,nan,11261,1,0.0046596,0,0.0080596,0
-8.2135e-13,47146,-0.0039991,1,nan,nan,11261,1,0.0046662,0,0.0080662,0
-8.1775e-13,46939,-0.0040464,1,nan,nan,11261,1,0.0046728,0,0.0080728,0
-8.1416e-13,46733,-0.0040936,1,nan,nan,11260,1,0.0046794,0,0.0080794,0
-8.1057e-13,46527,-0.0041408,1,nan,nan,11260,1,0.004686,0,0.008086,0
-8.0697e-13,46321,-0.004188,1,nan,nan,11260,1,0.0046926,0,0.0080926,0
-8.0338e-13,46114,-0.0042352,1,nan,nan,11259,1,0.0046992,0,0.0080992,0
-7.9979e-13,45908,-0.0042824,1,nan,nan,11259,1,0.0047058,0,0.0081058,0
-7.9619e-13,45702,-0.0043297,1,nan,nan,11258,1,0.0047124,0,0.0081124,0
-7.926e-13,45496,-0.0043769,1,nan,nan,11258,1,0.004719,0,0.008119,0
-7.8901e-13,45289,-0.0044241,1,nan,nan,11258,1,0.0047256,0,0.0081256,0
-7.8541e-13,45083,-0.0044713,1,nan,nan,11257,1,0.0047322,0,0.0081322,0
4.9313e-07,44886,-0.0044154,1,nan,nan,11257,1,0.0047388,0,0.0081388,0
1.431e-06,44698,-0.0042665,1,nan,nan,11257,1,0.0047454,0,0.0081454,0
2.3689e-06,44510,-0.0041176,1,nan,nan,11257,1,0.004752,0,0.008152,0
3.3069e-06,44322,-0.0039687,1,nan,nan,11256,1,0.0047586,0,0.0081586,0
4.2448e-06,44134,-0.0038198,1,nan,nan,11256,1,0.0047652,0,0.0081652,0
5.1827e-06,43946,-0.003671,1,nan,nan,11256,1,0.0047718,0,0.0081718,0
6.1206e-06,43758,-0.0035221,1,nan,nan,11256,1,0.0047784,0,0.0081784,0
7.0586e-06,43569,-0.0033732,1,nan,nan,11256,1,0.004785,0,0.008185,0
7.9964e-06,43381,-0.0032243,1,nan,nan,11255,1,0.0047916,0,0.0081916,0
8.9344e-06,43193,-0.0030754,1,nan,nan,11255,1,0.0047982,0,0.0081982,0
9.8723e-06,43005,-0.0029265,1,nan,nan,11255,1,0.0048048,0,0.0082048,0
1.081e-05,42817,-0.0027776,1,nan,nan,11255,1,0.0048114,0,0.0082114,0
1.1748e-05,42629,-0.0026287,1,nan,nan,11255,1,0.004818,0,0.008218,0
1.2686e-05,42441,-0.0024798,1,nan,nan,11254,1,0.0048246,0,0.0082246,0
1.3624e-05,42252,-0.0023309,1,nan,nan,11254,1,0.0048312,0,0.0082312,0
1.4562e-05,42064,-0.002182,1,nan,nan,11254,1,0.0048378,0,0.0082378,0
1.55e-05,41876,-0.0020331,1,nan,nan,11254,1,0.0048444,0,0.0082444,0
1.6438e-05,41688,-0.0018842,1,nan,nan,11253,1,0.004851,0,0.008251,0
1.7376e-05,41500,-0.0017353,1,nan,nan,11253,1,0.0048576,0,0.0082576,0
1.8314e-05,41312,-0.0015864,1,nan,nan,11253,1,0.0048642,0,0.0082642,0
1.9252e-05,41124,-0.0014375,1,nan,nan,11253,1,0.0048708,0,0.0082708,0
2.0189e-05,40936,-0.0012887,1,nan,nan,11253,1,0.0048774,0,0.0082774,0
2.1127e-05,40747,-0.0011398,1,nan,nan,11252,1,0.004884,0,0.008284,0
2.2065e-05,40559,-0.00099085,1,nan,nan,11252,1,0.0048906,0,0.0082906,0
2.3003e-05,40371,-0.00084197,1,nan,nan,11252,1,0.0048972,0,0.0082972,0
2.3941e-05,40183,-0.00069307,1,nan,nan,11252,1,0.0049038,0,0.0083038,0
2.4879e-05,39995,-0.00054417,1,nan,nan,11251,1,0.0049104,0,0.0083104,0
2.5817e-05,39807,-0.00039527,1,nan,nan,11251,1,0.004917,0,0.008317,0
2.6755e-05,39619,-0.00024639,1,nan,nan,11251,1,0.0049236,0,0.0083236,0
2.7693e-05,39431,-9.7485e-05,1,nan,nan,11251,1,0.0049302,0,0.0083302,0
2.8631e-05,39242,5.1417e-05,1,nan,nan,11251,1,0.0049368,0,0.0083368,0
2.9569e-05,39054,0.0002003,1,nan,nan,11250,1,0.0049434,0,0.0083434,0
3.0507e-05,38866,0.0003492,1,nan,nan,11250,1,0.00495,0,0.00835,0
3.1444e-05,38678,0.0004981,1,nan,nan,11250,1,0.0049566,0,0.0083566,0
3.2382e-05,38490,0.00064698,1,nan,nan,11250,1,0.0049632,0,0.0083632,0
3.332e-05,38302,0.00079588,1,nan,nan,11250,1,0.0049698,0,0.0083698,0
3.4258e-05,38114,0.00094478,1,nan,nan,11249,1,0.0049764,0,0.0083764,0
3.5196e-05,37925,0.0010937,1,nan,nan,11249,1,0.004983,0,0.008383,0
3.6134e-05,37737,0.0012426,1,nan,nan,11249,1,0.0049896,0,0.0083896,0
3.7072e-05,37549,0.0013915,1,nan,nan,11249,1,0.0049962,0,0.0083962,0
3.801e-05,37361,0.0015404,1,nan,nan,11248,1,0.0050028,0,0.0084028,0
3.8948e-05,37173,0.0016892,1,nan,nan,11248,1,0.0050094,0,0.0084094,0
3.9886e-05,36985,0.0018381,1,nan,nan,11248,1,0.005016,0,0.008416,0
4.0824e-05,36797,0.001987,1,nan,nan,11248,1,0.0050226,0,0.0084226,0
4.1762e-05,36609,0.0021359,1,nan,nan,11248,1,0.0050292,0,0.0084292,0
4.2699e-05,36420,0.0022848,1,nan,nan,11247,1,0.0050358,0,0.0084358,0
4.3637e-05,36232,0.0024337,1,nan,nan,11247,1,0.0050424,0,0.0084424,0
4.4575e-05,36044,0.0025826,1,nan,nan,11247,1,0.005049,0,0.008449,0
4.5513e-05,35856,0.0027315,1,nan,nan,11247,1,0.0050556,0,0.0084556,0
4.6451e-05,35668,0.0028804,1,nan,nan,11247,1,0.0050622,0,0.0084622,0
4.7389e-05,35480,0.0030293,1,nan,nan,11246,1,0.0050688,0,0.0084688,0
4.8327e-05,35292,0.0031782,1,nan,nan,11246,1,0.0050754,0,0.0084754,0
4.9265e-05,35103,0.0033271,1,nan,nan,11246,1,0.005082,0,0.008482,0
5.0203e-05,34915,0.003476,1,nan,nan,11246,1,0.0050886,0,0.0084886,0
5.1141e-05,34727,0.0036249,1,nan,nan,11245,1,0.0050952,0,0.0084952,0
5.2079e-05,34539,0.0037738,1,nan,nan,11245,1,0.0051018,0,0.0085018,0
5.3017e-05,34351,0.0039227,1,nan,nan,11245,1,0.0051084,0,0.0085084,0
5.3954e-05,34163,0.0040716,1,nan,nan,11245,1,0.005115,0,0.008515,0
5.4892e-05,33975,0.0042205,1,nan,nan,11245,1,0.0051216,0,0.0085216,0
5.583e-05,33787,0.0043694,1,nan,nan,11244,1,0.0051282,0,0.0085282,0
5.6768e-05,33598,0.0045183,1,nan,nan,11244,1,0.0051348,0,0.0085348,0
5.7706e-05,33410,0.0046671,1,nan,nan,11244,1,0.0051414,0,0.0085414,0
5.8644e-05,33222,0.004816,1,nan,nan,11244,1,0.005148,0,0.008548,0
5.9582e-05,33034,0.0049649,1,nan,nan,11244,1,0.0051546,0,0.0085546,0
6.052e-05,32846,0.0051138,1,nan,nan,11243,1,0.0051612,0,0.0085612,0
6.1458e-05,32658,0.0052627,1,nan,nan,11243,1,0.0051678,0,0.0085678,0
6.2396e-05,32470,0.0054116,1,nan,nan,11243,1,0.0051744,0,0.0085744,0
6.3334e-05,32282,0.0055605,1,nan,nan,11243,1,0.005181,0,0.008581,0
6.4272e-05,32093,0.0057094,1,nan,nan,11242,1,0.0051876,0,0.0085876,0
6.521e-05,31905,0.0058583,1,nan,nan,11242,1,0.0051942,0,0.0085942,0
6.6147e-05,31717,0.0060072,1,nan,nan,11242,1,0.0052008,0,0.0086008,0
6.7085e-05,31529,0.0061561,1,nan,nan,11242,1,0.0052074,0,0.0086074,0
6.8023e-05,31341,0.006305,1,nan,nan,11242,1,0.005214,0,0.008614,0
6.8961e-05,31153,0.0064539,1,nan,nan,11241,1,0.0052206,0,0.0086206,0
6.9899e-05,30965,0.0066028,1,nan,nan,11241,1,0.0052272,0,0.0086272,0
7.0837e-05,30776,0.0067517,1,nan,nan,11241,1,0.0052338,0,0.0086338,0
7.1775e-05,30588,0.0069006,1,nan,nan,11241,1,0.0052404,0,0.0086404,0
7.2713e-05,30400,0.0070495,1,nan,nan,11240,1,0.005247,0,0.008647,0
7.3651e-05,30212,0.0071984,1,nan,nan,11240,1,0.0052536,0,0.0086536,0
7.4589e-05,30024,0.0073473,1,nan,nan,11240,1,0.0052602,0,0.0086602,0
7.5527e-05,29836,0.0074961,1,nan,nan,11240,1,0.0052668,0,0.0086668,0
7.6465e-05,29648,0.007645,1,nan,nan,11240,1,0.0052734,0,0.0086734,0
7.7403e-05,29460,0.0077939,1,nan,nan,11239,1,0.00528,0,0.00868,0
7.834e-05,29271,0.0079428,1,nan,nan,11239,1,0.0052866,0,0.0086866,0
7.9278e-05,29083,0.0080917,1,nan,nan,11239,1,0.0052932,0,0.0086932,0
8.0216e-05,28895,0.0082406,1,nan,nan,11239,1,0.0052998,0,0.0086998,0
8.1154e-05,28707,0.0083895,1,nan,nan,11239,1,0.0053064,0,0.0087064,0
8.2092e-05,28519,0.0085384,1,nan,nan,11238,1,0.005313,0,0.008713,0
8.303e-05,28331,0.0086873,1,nan,nan,11238,1,0.0053196,0,0.0087196,0
8.3968e-05,28143,0.0088362,1,nan,nan,11238,1,0.0053262,0,0.0087262,0
8.4906e-05,27954,0.0089851,1,nan,nan,11238,1,0.0053328,0,0.0087328,0
8.5844e-05,27766,0.009134,1,nan,nan,11237,1,0.0053394,0,0.0087394,0
8.6782e-05,27578,0.0092829,1,nan,nan,11237,1,0.005346,0,0.008746,0
8.772e-05,27390,0.0094318,1,nan,nan,11237,1,0.0053526,0,0.0087526,0
8.8658e-05,27202,0.0095807,1,nan,nan,11237,1,0.0053592,0,0.0087592,0
8.9595e-05,27014,0.0097296,1,nan,nan,11237,1,0.0053658,0,0.0087658,0
9.0533e-05,26826,0.0098785,1,nan,nan,11236,1,0.0053724,0,0.0087724,0
9.1471e-05,26638,0.010027,1,nan,nan,11236,1,0.005379,0,0.008779,0
9.2409e-05,26449,0.010176,1,nan,nan,11236,1,0.0053856,0,0.0087856,0
9.3347e-05,26261,0.010325,1,nan,nan,11236,1,0.0053922,0,0.0087922,0
9.4285e-05,26073,0.010474,1,nan,nan,11236,1,0.0053988,0,0.0087988,0
9.5223e-05,25885,0.010623,1,nan,nan,11235,1,0.0054054,0,0.0088054,0
9.6161e-05,25697,0.010772,1,nan,nan,11235,1,0.005412,0,0.008812,0
9.7099e-05,25509,0.010921,1,nan,nan,11235,1,0.0054186,0,0.0088186,0
9.8037e-05,25321,0.01107,1,nan,nan,11235,1,0.0054252,0,0.0088252,0
9.8975e-05,25133,0.011219,1,nan,nan,11234,1,0.0054318,0,0.0088318,0
9.9913e-05,24944,0.011367,1,nan,nan,11234,1,0.0054384,0,0.0088384,0
0.00010085,24756,0.011516,1,nan,nan,11234,1,0.005445,0,0.008845,0
0.00010179,24568,0.011665,1,nan,nan,11234,1,0.0054516,0,0.0088516,0
0.00010273,24380,0.011814,1,nan,nan,11234,1,0.0054582,0,0.0088582,0
0.00010366,24192,0.011963,1,nan,nan,11233,1,0.0054648,0,0.0088648,0
0.0001046,24004,0.012112,1,nan,nan,11233,1,0.0054714,0,0.0088714,0
0.00010554,23816,0.012261,1,nan,nan,11233,1,0.005478,0,0.008878,0
0.00010648,23627,0.01241,1,nan,nan,11233,1,0.0054846,0,0.0088846,0
0.00010742,23439,0.012559,1,nan,nan,11233,1,0.0054912,0,0.0088912,0
0.00010835,23251,0.012707,1,nan,nan,11232,1,0.0054978,0,0.0088978,0
0.00010929,23063,0.012856,1,nan,nan,11232,1,0.0055044,0,0.0089044,0
0.00011023,22875,0.013005,1,nan,nan,11232,1,0.005511,0,0.008911,0
0.00011117,22687,0.013154,1,nan,nan,11232,1,0.0055176,0,0.0089176,0
0.00011211,22499,0.013303,1,nan,nan,11231,1,0.0055242,0,0.0089242,0
0.00011304,22311,0.013452,1,nan,nan,11231,1,0.0055308,0,0.0089308,0
0.00011398,22122,0.013601,1,nan,nan,11231,1,0.0055374,0,0.0089374,0
0.00011492,21934,0.01375,1,nan,nan,11231,1,0.005544,0,0.008944,0
0.00011586,21746,0.013899,1,nan,nan,11231,1,0.0055506,0,0.0089506,0
0.0001168,21558,0.014048,1,nan,nan,11230,1,0.0055572,0,0.0089572,0
0.00011773,21370,0.014196,1,nan,nan,11230,1,0.0055638,0,0.0089638,0
0.00011867,21182,0.014345,1,nan,nan,11230,1,0.0055704,0,0.0089704,0
0.00011961,20994,0.014494,1,nan,nan,11230,1,0.005577,0,0.008977,0
0.00012055,20805,0.014643,1,nan,nan,11230,1,0.0055836,0,0.0089836,0
0.00012148,20617,0.014792,1,nan,nan,11229,1,0.0055902,0,0.0089902,0
0.00012237,20467,0.014948,1,nan,nan,11229,1,0.0055968,0,0.0089968,0
0.00012317,20381,0.015114,1,nan,nan,11229,1,0.0056034,0,0.0090034,0
0.00012397,20294,0.015281,1,nan,nan,11229,1,0.00561,0,0.00901,0
0.00012477,20207,0.015447,1,nan,nan,11229,1,0.0056166,0,0.0090166,0
0.00012558,20121,0.015614,1,nan,nan,11229,1,0.0056232,0,0.0090232,0
0.00012638,20034,0.01578,1,nan,nan,11229,1,0.0056298,0,0.0090298,0
0.00012718,19948,0.015947,1,nan,nan,11229,1,0.0056364,0,0.0090364,0
0.00012798,19861,0.016114,1,nan,nan,11229,1,0.005643,0,0.009043,0
0.00012878,19774,0.01628,1,nan,nan,11229,1,0.0056496,0,0.0090496,0
0.00012958,19688,0.016447,1,nan,nan,11229,1,0.0056562,0,0.0090562,0
0.00013038,19601,0.016613,1,nan,nan,11228,1,0.0056628,0,0.0090628,0
0.00013118,19514,0.01678,1,nan,nan,11228,1,0.0056694,0,0.0090694,0
0.00013198,19428,0.016947,1,nan,nan,11228,1,0.005676,0,0.009076,0
0.00013279,19341,0.017113,1,nan,nan,11228,1,0.0056826,0,0.0090826,0
0.00013359,19254,0.01728,1,nan,nan,11228,1,0.0056892,0,0.0090892,0
0.00013439,19168,0.017446,1,nan,nan,11228,1,0.0056958,0,0.0090958,0
0.00013519,19081,0.017613,1,nan,nan,11228,1,0.0057024,0,0.0091024,0
0.00013599,18995,0.017779,1,nan,nan,11228,1,0.005709,0,0.009109,0
0.00013679,18908,0.017946,1,nan,nan,11228,1,0.0057156,0,0.0091156,0
0.00013759,18821,0.018113,1,nan,nan,11228,1,0.0057222,0,0.0091222,0
0.00013839,18735,0.018279,1,nan,nan,11228,1,0.0057288,0,0.0091288,0
0.00013919,18648,0.018446,1,nan,nan,11228,1,0.0057354,0,0.0091354,0
0.00014,18561,0.018612,1,nan,nan,11228,1,0.005742,0,0.009142,0
0.0001408,18475,0.018779,1,nan,nan,11228,1,0.0057486,0,0.0091486,0
0.0001416,18388,0.018945,1,nan,nan,11227,1,0.0057552,0,0.0091552,0
0.0001424,18302,0.019112,1,nan,nan,11227,1,0.0057618,0,0.0091618,0
0.0001432,18215,0.019279,1,nan,nan,11227,1,0.0057684,0,0.0091684,0
0.000144,18128,0.019445,1,nan,nan,11227,1,0.005775,0,0.009175,0
0.0001448,18042,0.019612,1,nan,nan,11227,1,0.0057816,0,0.0091816,0
0.0001456,17955,0.019778,1,nan,nan,11227,1,0.0057882,0,0.0091882,0
0.0001464,17868,0.019945,1,nan,nan,11227,1,0.0057948,0,0.0091948,0
0.00014721,17782,0.020112,1,nan,nan,11227,1,0.0058014,0,0.0092014,0
0.00014801,17695,0.020278,1,nan,nan,11227,1,0.005808,0,0.009208,0
0.00014881,17608,0.020445,1,nan,nan,11227,1,0.0058146,0,0.0092146,0
0.00014961,17522,0.020611,1,nan,nan,11227,1,0.0058212,0,0.0092212,0
0.00015041,17435,0.020778,1,nan,nan,11227,1,0.0058278,0,0.0092278,0
0.00015121,17349,0.020944,1,nan,nan,11227,1,0.0058344,0,0.0092344,0
0.00015201,17262,0.021111,1,nan,nan,11227,1,0.005841,0,0.009241,0
0.00015281,17175,0.021278,1,nan,nan,11227,1,0.0058476,0,0.0092476,0
0.00015361,17089,0.021444,1,nan,nan,11226,1,0.0058542,0,0.0092542,0
0.00015442,17002,0.021611,1,nan,nan,11226,1,0.0058608,0,0.0092608,0
0.00015522,16915,0.021777,1,nan,nan,11226,1,0.0058674,0,0.0092674,0
0.00015602,16829,0.021944,1,nan,nan,11226,1,0.005874,0,0.009274,0
0.00015682,16742,0.022111,1,nan,nan,11226,1,0.0058806,0,0.0092806,0
0.00015762,16656,0.022277,1,nan,nan,11226,1,0.0058872,0,0.0092872,0
0.00015842,16569,0.022444,1,nan,nan,11226,1,0.0058938,0,0.0092938,0
0.00015922,16482,0.02261,1,nan,nan,11226,1,0.0059004,0,0.0093004,0
0.00016002,16396,0.022777,1,nan,nan,11226,1,0.005907,0,0.009307,0
0.00016082,16309,0.022943,1,nan,nan,11226,1,0.0059136,0,0.0093136,0
0.00016163,16222,0.02311,1,nan,nan,11226,1,0.0059202,0,0.0093202,0
0.00016243,16136,0.023277,1,nan,nan,11226,1,0.0059268,0,0.0093268,0
0.00016323,16049,0.023443,1,nan,nan,11226,1,0.0059334,0,0.0093334,0
0.00016403,15962,0.02361,1,nan,nan,11226,1,0.00594,0,0.00934,0
0.00016483,15876,0.023776,1,nan,nan,11226,1,0.0059466,0,0.0093466,0
0.00016563,15789,0.023943,1,nan,nan,11225,1,0.0059532,0,0.0093532,0
0.00016643,15703,0.02411,1,nan,nan,11225,1,0.0059598,0,0.0093598,0
0.00016723,15616,0.024276,1,nan,nan,11225,1,0.0059664,0,0.0093664,0
0.00016803,15529,0.024443,1,nan,nan,11225,1,0.005973,0,0.009373,0
0.00016884,15443,0.024609,1,nan,nan,11225,1,0.0059796,0,0.0093796,0
0.00016964,15356,0.024776,1,nan,nan,11225,1,0.0059862,0,0.0093862,0
0.00017044,15269,0.024942,1,nan,nan,11225,1,0.0059928,0,0.0093928,0
0.00017124,15183,0.025109,1,nan,nan,11225,1,0.0059994,0,0.0093994,0
0.00017204,15096,0.025276,1,nan,nan,11225,1,0.006006,0,0.009406,0
0.00017284,15009,0.025442,1,nan,nan,11225,1,0.0060126,0,0.0094126,0
0.00017364,14923,0.025609,1,nan,nan,11225,1,0.0060192,0,0.0094192,0
0.00017444,14836,0.025775,1,nan,nan,11225,1,0.0060258,0,0.0094258,0
0.00017524,14750,0.025942,1,nan,nan,11225,1,0.0060324,0,0.0094324,0
0.00017605,14663,0.026109,1,nan,nan,11225,1,0.006039,0,0.009439,0
0.00017685,14576,0.026275,1,nan,nan,11225,1,0.0060456,0,0.0094456,0
0.00017765,14490,0.026442,1,nan,nan,11224,1,0.0060522,0,0.0094522,0
0.00017845,14403,0.026608,1,nan,nan,11224,1,0.0060588,0,0.0094588,0
0.00017925,14316,0.026775,1,nan,nan,11224,1,0.0060654,0,0.0094654,0
0.00018005,14230,0.026941,1,nan,nan,11224,1,0.006072,0,0.009472,0
0.00018085,14143,0.027108,1,nan,nan,11224,1,0.0060786,0,0.0094786,0
0.00018165,14057,0.027275,1,nan,nan,11224,1,0.0060852,0,0.0094852,0
0.00018245,13970,0.027441,1,nan,nan,11224,1,0.0060918,0,0.0094918,0
0.00018326,13883,0.027608,1,nan,nan,11224,1,0.0060984,0,0.0094984,0
0.00018406,13797,0.027774,1,nan,nan,11224,1,0.006105,0,0.009505,0
0.00018486,13710,0.027941,1,nan,nan,11224,1,0.0061116,0,0.0095116,0
0.00018566,13623,0.028107,1,nan,nan,11224,1,0.0061182,0,0.0095182,0
0.00018646,13537,0.028274,1,nan,nan,11224,1,0.0061248,0,0.0095248,0
0.00018726,13450,0.028441,1,nan,nan,11224,1,0.0061314,0,0.0095314,0
0.00018806,13363,0.028607,1,nan,nan,11224,1,0.006138,0,0.009538,0
0.00018886,13277,0.028774,1,nan,nan,11223,1,0.0061446,0,0.0095446,0
0.00018966,13190,0.02894,1,nan,nan,11223,1,0.0061512,0,0.0095512,0
0.00019047,13104,0.029107,1,nan,nan,11223,1,0.0061578,0,0.0095578,0
0.00019127,13017,0.029274,1,nan,nan,11223,1,0.0061644,0,0.0095644,0
0.00019207,12930,0.02944,1,nan,nan,11223,1,0.006171,0,0.009571,0
0.00019287,12844,0.029607,1,nan,nan,11223,1,0.0061776,0,0.0095776,0
0.00019367,12757,0.029773,1,nan,nan,11223,1,0.0061842,0,0.0095842,0
0.00019447,12670,0.02994,1,nan,nan,11223,1,0.0061908,0,0.0095908,0
0.00019527,12584,0.030106,1,nan,nan,11223,1,0.0061974,0,0.0095974,0
0.00019607,12497,0.030273,1,nan,nan,11223,1,0.006204,0,0.009604,0
0.00019687,12411,0.03044,1,nan,nan,11223,1,0.0062106,0,0.0096106,0
0.00019768,12324,0.030606,1,nan,nan,11223,1,0.0062172,0,0.0096172,0
0.00019848,12237,0.030773,1,nan,nan,11223,1,0.0062238,0,0.0096238,0
0.00019928,12151,0.030939,1,nan,nan,11223,1,0.0062304,0,0.0096304,0
0.00020008,12064,0.031106,1,nan,nan,11223,1,0.006237,0,0.009637,0
0.00020088,11977,0.031273,1,nan,nan,11222,1,0.0062436,0,0.0096436,0
0.00020168,11891,0.031439,1,nan,nan,11222,1,0.0062502,0,0.0096502,0
0.00020248,11804,0.031606,1,nan,nan,11222,1,0.0062568,0,0.0096568,0
0.00020328,11717,0.031772,1,nan,nan,11222,1,0.0062634,0,0.0096634,0
0.00020408,11631,0.031939,1,nan,nan,11222,1,0.00627,0,0.00967,0
0.00020489,11544,0.032105,1,nan,nan,11222,1,0.0062766,0,0.0096766,0
0.00020569,11458,0.032272,1,nan,nan,11222,1,0.0062832,0,0.0096832,0
0.00020649,11371,0.032439,1,nan,nan,11222,1,0.0062898,0,0.0096898,0
0.00020729,11284,0.032605,1,nan,nan,11222,1,0.0062964,0,0.0096964,0
0.00020809,11198,0.032772,1,nan,nan,11222,1,0.006303,0,0.009703,0
0.00020889,11111,0.032938,1,nan,nan,11222,1,0.0063096,0,0.0097096,0
0.00020969,11024,0.033105,1,nan,nan,11222,1,0.0063162,0,0.0097162,0
0.00021049,10938,0.033272,1,nan,nan,11222,1,0.0063228,0,0.0097228,0
0.00021129,10851,0.033438,1,nan,nan,11222,1,0.0063294,0,0.0097294,0
0.0002121,10764,0.033605,1,nan,nan,11222,1,0.006336,0,0.009736,0
0.0002129,10678,0.033771,1,nan,nan,11221,1,0.0063426,0,0.0097426,0
0.0002137,10591,0.033938,1,nan,nan,11221,1,0.0063492,0,0.0097492,0
0.0002145,10505,0.034104,1,nan,nan,11221,1,0.0063558,0,0.0097558,0
0.0002153,10418,0.034271,1,nan,nan,11221,1,0.0063624,0,0.0097624,0
0.0002161,10331,0.034438,1,nan,nan,11221,1,0.006369,0,0.009769,0
0.0002169,10245,0.034604,1,nan,nan,11221,1,0.0063756,0,0.0097756,0
0.0002177,10158,0.034771,1,nan,nan,11221,1,0.0063822,0,0.0097822,0
0.0002185,10071,0.034937,1,nan,nan,11221,1,0.0063888,0,0.0097888,0
0.00021931,9984.8,0.035104,1,nan,nan,11221,1,0.0063954,0,0.0097954,0
0.00022011,9898.2,0.03527,1,nan,nan,11221,1,0.006402,0,0.009802,0
0.00022091,9811.5,0.035437,1,nan,nan,11221,1,0.0064086,0,0.0098086,0
0.00022171,9724.9,0.035604,1,nan,nan,11221,1,0.0064152,0,0.0098152,0
0.00022251,9638.3,0.03577,1,nan,nan,11221,1,0.0064218,0,0.0098218,0
0.00022331,9551.6,0.035937,1,nan,nan,11221,1,0.0064284,0,0.0098284,0
0.00022411,9465,0.036103,1,nan,nan,11220,1,0.006435,0,0.009835,0
0.00022491,9378.4,0.03627,1,nan,nan,11220,1,0.0064416,0,0.0098416,0
0.00022572,9291.7,0.036437,1,nan,nan,11220,1,0.0064482,0,0.0098482,0
0.00022652,9205.1,0.036603,1,nan,nan,11220,1,0.0064548,0,0.0098548,0
0.00022732,9118.5,0.03677,1,nan,nan,11220,1,0.0064614,0,0.0098614,0
0.00022812,9031.8,0.036936,1,nan,nan,11220,1,0.006468,0,0.009868,0
0.00022892,8945.2,0.037103,1,nan,nan,11220,1,0.0064746,0,0.0098746,0
0.00022972,8858.6,0.037269,1,nan,nan,11220,1,0.0064812,0,0.0098812,0
0.00023052,8771.9,0.037436,1,nan,nan,11220,1,0.0064878,0,0.0098878,0
0.00023132,8685.3,0.037603,1,nan,nan,11220,1,0.0064944,0,0.0098944,0
0.00023212,8598.7,0.037769,1,nan,nan,11220,1,0.006501,0,0.009901,0
0.00023292,8512.1,0.037936,1,nan,nan,11220,1,0.0065076,0,0.0099076,0
0.00023373,8425.4,0.038102,1,nan,nan,11220,1,0.0065142,0,0.0099142,0
0.00023453,8338.8,0.038269,1,nan,nan,11220,1,0.0065208,0,0.0099208,0
0.00023533,8252.2,0.038436,1,nan,nan,11220,1,0.0065274,0,0.0099274,0
0.00023613,8165.5,0.038602,1,nan,nan,11219,1,0.006534,0,0.009934,0
0.00023693,8078.9,0.038769,1,nan,nan,11219,1,0.0065406,0,0.0099406,0
0.00023773,7992.3,0.038935,1,nan,nan,11219,1,0.0065472,0,0.0099472,0
0.00023853,7905.6,0.039102,1,nan,nan,11219,1,0.0065538,0,0.0099538,0
0.00023933,7819,0.039268,1,nan,nan,11219,1,0.0065604,0,0.0099604,0
0.00024014,7732.3,0.039435,1,nan,nan,11219,1,0.006567,0,0.009967,0
0.00024094,7645.7,0.039602,1,nan,nan,11219,1,0.0065736,0,0.0099736,0
0.00024174,7559.1,0.039768,1,nan,nan,11219,1,0.0065802,0,0.0099802,0
0.00024254,7472.5,0.039935,1,nan,nan,11219,1,0.0065868,0,0.0099868,0
0.00024334,7385.8,0.040101,1,nan,nan,11219,1,0.0065934,0,0.0099934,0
0.00024414,7299.2,0.040268,1,nan,nan,11219,1,0.0066,0,0.01,0
